InvoiceID,Date,ProductID,SKU,Category,OldSegment,NewSegment,Quantity,UnitPrice,CompetitorPrice,Revenue,COGS,Discount,CustomerID,Segment,LTValue,RecencyDays,FrequencyMonths,MonetaryValue,ChurnRisk,HealthScore
INV-01001,2024-04-08,Product-1015,SKU-1015,Books,Budget,Standard,40,21.99,23.92,853.21,426.61,0.03,CUST-10001,Loyal Customers,2751.14,23,4.9,460.21,22.5,83.7
INV-01002,2024-04-09,Product-1076,SKU-1076,Sports,Budget,Standard,5,88.19,71.54,401.26,164.52,0.09,CUST-10002,Champions,6261.73,18,2.7,2493.72,1.6,88.7
INV-01003,2024-04-10,Product-1103,SKU-1103,Books,Budget,Premium,45,20.99,19.39,944.55,613.96,0.0,CUST-10003,Loyal Customers,2692.39,60,2.5,970.23,24.4,85.7
INV-01004,2024-04-10,Product-1017,SKU-1017,Clothing,Standard,Standard,8,57.59,51.86,414.65,223.91,0.1,CUST-10004,Hibernating,2119.67,208,12.6,189.02,71.0,14.5
INV-01005,2024-04-10,Product-1117,SKU-1117,Beauty,Standard,Standard,10,38.24,43.27,378.58,200.65,0.01,CUST-10005,Potential Loyalists,1123.23,19,5.9,226.64,33.2,71.7
INV-01006,2024-04-10,Product-1100,SKU-1100,Sports,Budget,Budget,12,95.39,105.36,1076.0,591.8,0.06,CUST-10006,Potential Loyalists,4390.39,11,7.1,448.09,24.4,69.8
INV-01007,2024-04-11,Product-1097,SKU-1097,Clothing,Premium,New Discovery,3,65.39,78.56,176.55,98.87,0.1,CUST-10007,Can't Lose Them,3295.99,90,1.4,1961.9,58.2,45.3
INV-01008,2024-04-11,Product-1110,SKU-1110,Toys,Premium,New Discovery,6,31.14,26.13,179.37,80.72,0.04,CUST-10008,At Risk,1178.13,121,5.3,200.26,61.7,47.6
INV-01009,2024-04-13,Product-1068,SKU-1068,Sports,Standard,Standard,5,90.89,89.97,449.91,247.45,0.01,CUST-10009,Can't Lose Them,1242.25,260,1.4,1069.06,41.3,39.7
INV-01010,2024-04-13,Product-1061,SKU-1061,Beauty,Standard,Standard,13,48.14,39.16,569.5,284.75,0.09,CUST-10010,Loyal Customers,1672.21,30,4.1,474.25,8.7,77.7
INV-01011,2024-04-16,Product-1031,SKU-1031,Books,Standard,Premium,40,19.39,17.42,729.06,393.69,0.06,CUST-10011,Can't Lose Them,4456.18,203,4.7,1102.47,63.0,56.5
INV-01012,2024-04-16,Product-1031,SKU-1031,Books,Budget,Premium,34,20.79,21.36,657.38,276.1,0.07,CUST-10012,Loyal Customers,801.92,15,2.5,320.77,19.0,89.9
INV-01013,2024-04-17,Product-1081,SKU-1081,Clothing,Budget,Budget,14,61.19,49.68,779.56,405.37,0.09,CUST-10013,At Risk,699.39,120,4.8,173.46,65.0,44.1
INV-01014,2024-04-17,Product-1033,SKU-1033,Clothing,Standard,Standard,4,53.39,47.49,196.48,121.82,0.08,CUST-10014,At Risk,2452.41,161,8.1,332.71,78.9,52.6
INV-01015,2024-04-18,Product-1014,SKU-1014,Toys,Standard,Standard,10,39.19,42.81,391.9,180.27,0.0,CUST-10015,Potential Loyalists,778.88,42,3.3,198.34,23.9,78.7
INV-01016,2024-04-18,Product-1094,SKU-1094,Toys,Budget,New Discovery,13,29.74,31.08,363.42,178.08,0.06,CUST-10016,Loyal Customers,1909.4,32,2.5,720.53,22.6,87.8
INV-01017,2024-04-18,Product-1096,SKU-1096,Electronics,Standard,Standard,8,139.49,125.43,1104.76,640.76,0.01,CUST-10017,Hibernating,3007.99,350,10.9,222.55,73.4,28.1
INV-01018,2024-04-18,Product-1075,SKU-1075,Home & Garden,Budget,Budget,10,79.19,84.35,776.06,341.47,0.02,CUST-10018,Champions,4339.01,20,1.3,2648.97,3.0,97.2
INV-01019,2024-04-19,Product-1086,SKU-1086,Toys,Standard,New Discovery,5,30.79,35.85,141.63,70.81,0.08,CUST-10019,Loyal Customers,3366.14,16,3.3,1133.38,23.9,77.5
INV-01020,2024-04-19,Product-1055,SKU-1055,Books,Standard,New Discovery,27,18.39,14.77,407.15,191.36,0.18,CUST-10020,Hibernating,1207.74,272,12.2,76.15,88.5,30.7
INV-01021,2024-04-19,Product-1068,SKU-1068,Sports,Budget,Premium,18,77.39,89.98,1337.3,815.75,0.04,CUST-10021,Potential Loyalists,6363.46,31,6.9,720.5,15.9,61.9
INV-01022,2024-04-21,Product-1051,SKU-1051,Home & Garden,Premium,Standard,16,83.19,92.69,1237.87,606.56,0.07,CUST-10022,Loyal Customers,5455.08,24,4.9,935.53,10.3,65.2
INV-01023,2024-04-22,Product-1070,SKU-1070,Toys,Premium,Premium,12,35.69,34.02,428.28,171.31,0.0,CUST-10023,Hibernating,5119.47,208,15.2,285.43,81.5,32.8
INV-01024,2024-04-23,Product-1047,SKU-1047,Books,Standard,New Discovery,19,18.99,16.52,317.51,180.98,0.12,CUST-10024,Can't Lose Them,6631.17,122,5.1,970.32,66.9,59.8
INV-01025,2024-04-23,Product-1005,SKU-1005,Beauty,Budget,Standard,7,39.14,48.17,260.28,111.92,0.05,CUST-10025,Can't Lose Them,2125.38,168,1.5,1336.72,57.7,43.2
INV-01026,2024-04-24,Product-1034,SKU-1034,Food & Beverage,Standard,New Discovery,39,21.49,20.45,670.49,395.59,0.2,CUST-10026,Potential Loyalists,4361.18,34,7.9,520.8,17.4,64.1
INV-01027,2024-04-25,Product-1069,SKU-1069,Beauty,Standard,Premium,12,47.24,39.76,561.21,359.17,0.01,CUST-10027,Hibernating,1634.62,319,21.0,89.47,90.1,7.5
INV-01028,2024-04-25,Product-1083,SKU-1083,Home & Garden,Standard,Premium,1,75.99,64.1,72.95,45.96,0.04,CUST-10028,At Risk,2480.03,177,9.6,191.36,67.1,53.9
INV-01029,2024-04-25,Product-1021,SKU-1021,Beauty,Standard,Budget,1,40.04,47.3,40.04,23.62,0.0,CUST-10029,Loyal Customers,1989.33,51,3.0,566.76,11.2,86.2
INV-01030,2024-04-26,Product-1046,SKU-1046,Toys,Budget,Standard,8,34.29,36.75,266.09,156.99,0.03,CUST-10030,Loyal Customers,3564.03,54,4.9,563.84,19.4,71.8
INV-01031,2024-04-26,Product-1048,SKU-1048,Electronics,Budget,Standard,3,133.49,155.28,392.46,251.17,0.02,CUST-10031,Potential Loyalists,2400.09,18,3.8,493.44,34.5,69.3
INV-01032,2024-04-27,Product-1018,SKU-1018,Food & Beverage,Standard,Budget,33,21.49,24.25,673.71,431.17,0.05,CUST-10032,Hibernating,1414.86,200,8.0,160.78,79.6,26.5
INV-01033,2024-04-28,Product-1047,SKU-1047,Books,Budget,Standard,23,17.59,18.32,400.52,176.23,0.01,CUST-10033,Loyal Customers,5740.92,28,3.0,1428.09,15.2,70.4
INV-01034,2024-04-29,Product-1002,SKU-1002,Food & Beverage,Standard,Standard,10,26.99,33.41,245.61,115.44,0.09,CUST-10034,Loyal Customers,1258.06,23,3.1,324.66,19.2,82.7
INV-01035,2024-04-29,Product-1108,SKU-1108,Sports,Standard,New Discovery,1,78.29,75.97,75.94,44.05,0.03,CUST-10035,Loyal Customers,2212.19,34,3.0,599.51,15.8,78.8
INV-01036,2024-05-01,Product-1045,SKU-1045,Beauty,Standard,Standard,15,40.49,42.45,558.76,329.67,0.08,CUST-10036,Loyal Customers,3027.04,40,2.3,1277.77,23.1,70.3
INV-01037,2024-05-01,Product-1038,SKU-1038,Toys,Standard,New Discovery,13,31.14,36.53,380.53,232.12,0.06,CUST-10037,Loyal Customers,2819.01,23,2.4,889.84,18.6,85.0
INV-01038,2024-05-02,Product-1070,SKU-1070,Toys,Standard,New Discovery,6,30.44,32.82,166.2,106.37,0.09,CUST-10038,Can't Lose Them,2245.15,170,1.6,1071.16,46.8,45.5
INV-01039,2024-05-02,Product-1090,SKU-1090,Food & Beverage,Standard,Premium,11,23.24,27.6,245.41,103.07,0.04,CUST-10039,Hibernating,403.85,362,6.2,63.24,94.4,14.1
INV-01040,2024-05-03,Product-1105,SKU-1105,Clothing,Standard,Premium,18,65.39,69.3,1082.86,606.4,0.08,CUST-10040,At Risk,2309.72,104,6.4,277.61,50.9,34.7
INV-01041,2024-05-04,Product-1018,SKU-1018,Food & Beverage,Premium,Budget,42,25.99,29.03,1080.66,648.4,0.01,CUST-10041,Can't Lose Them,5262.65,91,5.8,898.37,42.4,36.9
INV-01042,2024-05-04,Product-1072,SKU-1072,Electronics,Standard,Standard,7,157.49,129.24,1058.33,476.25,0.04,CUST-10042,Hibernating,863.83,185,9.0,81.34,78.2,20.4
INV-01043,2024-05-05,Product-1085,SKU-1085,Beauty,Standard,Standard,12,48.14,43.45,577.68,294.62,0.0,CUST-10043,Loyal Customers,1717.66,55,2.8,674.12,23.0,89.8
INV-01044,2024-05-05,Product-1016,SKU-1016,Electronics,Standard,Premium,4,164.99,153.48,626.96,319.75,0.05,CUST-10044,Champions,3739.87,30,2.2,1574.02,6.7,83.5
INV-01045,2024-05-07,Product-1019,SKU-1019,Home & Garden,Budget,Budget,7,87.99,73.55,560.5,358.72,0.09,CUST-10045,Loyal Customers,1678.27,16,3.7,346.25,17.9,74.5
INV-01046,2024-05-07,Product-1010,SKU-1010,Food & Beverage,Standard,Standard,36,28.49,25.78,1025.64,594.87,0.0,CUST-10046,Can't Lose Them,3041.78,255,3.6,1018.0,57.3,50.1
INV-01047,2024-05-07,Product-1094,SKU-1094,Toys,Standard,Standard,16,36.39,30.77,529.84,275.52,0.09,CUST-10047,Loyal Customers,2573.95,56,2.2,1135.9,12.7,80.5
INV-01048,2024-05-09,Product-1021,SKU-1021,Beauty,Budget,New Discovery,20,50.84,47.03,904.95,380.08,0.11,CUST-10048,Hibernating,925.23,189,6.5,103.9,77.2,16.8
INV-01049,2024-05-09,Product-1063,SKU-1063,Books,Budget,Standard,11,19.19,20.84,198.42,113.1,0.06,CUST-10049,Champions,3379.49,4,1.6,2247.0,0.9,87.8
INV-01050,2024-05-12,Product-1046,SKU-1046,Toys,Standard,Premium,19,31.14,30.02,567.99,363.51,0.04,CUST-10050,Hibernating,3392.74,180,16.2,175.99,79.4,26.5
INV-01051,2024-05-12,Product-1060,SKU-1060,Sports,Premium,Premium,19,80.99,78.28,1477.26,871.58,0.04,CUST-10051,Hibernating,1613.58,216,8.5,162.25,81.8,25.8
INV-01052,2024-05-12,Product-1062,SKU-1062,Toys,Budget,Budget,15,34.64,30.98,488.42,263.75,0.06,CUST-10052,Potential Loyalists,1220.67,28,3.7,299.92,27.6,64.9
INV-01053,2024-05-12,Product-1023,SKU-1023,Books,Premium,Budget,25,17.39,16.0,421.71,248.81,0.03,CUST-10053,Champions,2215.13,28,1.2,1605.17,4.0,92.3
INV-01054,2024-05-12,Product-1051,SKU-1051,Home & Garden,Standard,Premium,18,72.79,88.91,1231.61,800.55,0.06,CUST-10054,Hibernating,4914.95,354,20.2,248.28,86.0,9.7
INV-01055,2024-05-13,Product-1027,SKU-1027,Home & Garden,Standard,Premium,13,89.59,97.8,1106.44,531.09,0.05,CUST-10055,Potential Loyalists,1754.1,20,4.2,390.32,29.8,70.5
INV-01056,2024-05-14,Product-1109,SKU-1109,Beauty,Budget,Premium,7,40.49,43.49,272.09,111.56,0.04,CUST-10056,Potential Loyalists,3786.89,40,5.3,567.07,28.4,69.2
INV-01057,2024-05-15,Product-1043,SKU-1043,Home & Garden,Premium,Budget,18,90.39,79.27,1594.48,892.91,0.02,CUST-10057,Can't Lose Them,6783.88,230,2.6,1932.73,56.5,36.0
INV-01058,2024-05-15,Product-1002,SKU-1002,Food & Beverage,Standard,Standard,22,27.49,31.01,544.3,250.38,0.1,CUST-10058,Loyal Customers,5083.02,44,4.2,1273.94,15.5,88.3
INV-01059,2024-05-16,Product-1095,SKU-1095,Books,Standard,Standard,45,20.59,17.99,861.69,551.48,0.07,CUST-10059,Loyal Customers,2745.96,17,3.8,729.92,19.0,74.5
INV-01060,2024-05-17,Product-1032,SKU-1032,Electronics,Premium,Budget,2,158.99,154.34,289.36,156.25,0.09,CUST-10060,Champions,5454.16,23,1.8,2261.26,2.5,81.8
INV-01061,2024-05-17,Product-1045,SKU-1045,Beauty,Standard,New Discovery,15,43.64,54.34,556.41,283.77,0.15,CUST-10061,Can't Lose Them,8311.24,134,6.0,1489.47,66.8,43.3
INV-01062,2024-05-17,Product-1068,SKU-1068,Sports,Standard,New Discovery,9,100.79,109.66,734.76,411.47,0.19,CUST-10062,Champions,3508.54,25,1.9,1943.79,10.3,80.2
INV-01063,2024-05-19,Product-1087,SKU-1087,Books,Standard,Standard,6,18.19,19.11,106.96,65.25,0.02,CUST-10063,Potential Loyalists,3923.46,38,6.2,461.91,16.1,69.4
INV-01064,2024-05-19,Product-1101,SKU-1101,Beauty,Standard,Standard,10,48.14,53.34,442.89,181.58,0.08,CUST-10064,Potential Loyalists,2073.72,14,7.9,252.4,21.2,64.4
INV-01065,2024-05-19,Product-1119,SKU-1119,Books,Standard,Standard,36,19.59,23.1,669.98,288.09,0.05,CUST-10065,Potential Loyalists,5725.94,12,7.5,755.9,38.1,60.9
INV-01066,2024-05-19,Product-1096,SKU-1096,Electronics,Standard,Premium,1,149.99,172.37,136.49,65.52,0.09,CUST-10066,Loyal Customers,2653.43,40,3.5,924.54,16.0,71.3
INV-01067,2024-05-20,Product-1002,SKU-1002,Food & Beverage,Premium,Premium,16,25.24,22.79,363.46,228.98,0.1,CUST-10067,Hibernating,1382.82,273,8.6,191.42,81.2,16.0
INV-01068,2024-05-20,Product-1010,SKU-1010,Food & Beverage,Standard,New Discovery,11,27.24,22.19,242.71,118.93,0.19,CUST-10068,Loyal Customers,4752.46,56,3.9,1107.8,11.9,81.6
INV-01069,2024-05-21,Product-1064,SKU-1064,Electronics,Standard,Premium,12,161.99,152.59,1846.69,1126.48,0.05,CUST-10069,Champions,2424.23,3,2.4,863.33,9.9,88.6
INV-01070,2024-05-22,Product-1049,SKU-1049,Clothing,Budget,Standard,13,65.39,60.19,850.07,348.53,0.0,CUST-10070,At Risk,3341.88,114,6.9,499.31,73.4,25.4
INV-01071,2024-05-22,Product-1007,SKU-1007,Books,Premium,Standard,31,18.59,16.64,524.42,241.23,0.09,CUST-10071,Potential Loyalists,2821.02,25,5.6,462.16,39.1,66.8
INV-01072,2024-05-23,Product-1054,SKU-1054,Toys,Standard,New Discovery,8,30.79,37.7,224.15,138.97,0.09,CUST-10072,At Risk,2288.53,97,5.8,398.56,64.8,52.6
INV-01073,2024-05-23,Product-1111,SKU-1111,Books,Standard,New Discovery,9,20.19,24.11,161.72,84.09,0.11,CUST-10073,Can't Lose Them,3905.74,180,2.5,1358.52,60.9,56.7
INV-01074,2024-05-23,Product-1094,SKU-1094,Toys,Standard,Standard,17,31.84,29.98,530.45,281.14,0.02,CUST-10074,Loyal Customers,1561.39,16,3.2,548.24,12.8,75.2
INV-01075,2024-05-25,Product-1038,SKU-1038,Toys,Budget,Premium,6,34.99,38.31,193.14,83.05,0.08,CUST-10075,Can't Lose Them,4020.19,159,3.5,1115.17,41.4,47.0
INV-01076,2024-05-25,Product-1109,SKU-1109,Beauty,Standard,Standard,17,49.04,47.96,792.0,419.76,0.05,CUST-10076,Potential Loyalists,2139.7,39,5.8,388.33,17.1,58.5
INV-01077,2024-05-27,Product-1078,SKU-1078,Toys,Premium,Budget,1,34.64,41.97,33.6,13.78,0.03,CUST-10077,Loyal Customers,2676.92,30,3.2,615.1,6.4,88.0
INV-01078,2024-05-28,Product-1089,SKU-1089,Clothing,Standard,Standard,19,62.99,63.4,1184.84,746.45,0.01,CUST-10078,Champions,7297.18,23,2.0,2702.66,7.9,91.8
INV-01079,2024-05-28,Product-1026,SKU-1026,Food & Beverage,Premium,Standard,2,27.99,25.73,55.98,25.19,0.0,CUST-10079,Loyal Customers,1764.1,35,3.4,436.01,13.9,69.5
INV-01080,2024-05-29,Product-1035,SKU-1035,Home & Garden,Standard,Premium,14,74.39,67.77,1010.22,575.83,0.03,CUST-10080,At Risk,1818.46,116,9.2,166.1,77.2,29.2
INV-01081,2024-05-30,Product-1105,SKU-1105,Clothing,Standard,Standard,11,68.39,71.99,714.68,414.51,0.05,CUST-10081,Hibernating,1145.47,186,17.1,59.28,88.9,22.1
INV-01082,2024-06-01,Product-1063,SKU-1063,Books,Premium,Budget,12,18.79,17.25,209.7,96.46,0.07,CUST-10082,Potential Loyalists,1750.62,41,4.0,465.59,21.5,78.6
INV-01083,2024-06-03,Product-1100,SKU-1100,Sports,Standard,New Discovery,13,77.39,82.27,875.28,411.38,0.13,CUST-10083,Loyal Customers,2177.24,19,2.2,970.25,12.3,85.4
INV-01084,2024-06-04,Product-1096,SKU-1096,Electronics,Standard,Premium,17,137.99,166.14,2228.54,913.7,0.05,CUST-10084,Loyal Customers,4032.99,57,3.2,1223.6,14.6,66.2
INV-01085,2024-06-05,Product-1040,SKU-1040,Electronics,Premium,Budget,15,157.49,154.3,2149.74,945.89,0.09,CUST-10085,At Risk,3901.18,161,10.2,341.49,78.2,49.1
INV-01086,2024-06-06,Product-1046,SKU-1046,Toys,Premium,Budget,11,32.54,29.24,322.15,148.19,0.1,CUST-10086,Loyal Customers,3833.57,17,4.5,734.4,12.7,69.8
INV-01087,2024-06-06,Product-1094,SKU-1094,Toys,Premium,Standard,15,37.79,47.2,549.84,280.42,0.03,CUST-10087,Potential Loyalists,3936.38,20,6.6,473.35,33.0,66.3
INV-01088,2024-06-06,Product-1072,SKU-1072,Electronics,Standard,New Discovery,8,151.49,155.93,1102.85,485.25,0.09,CUST-10088,Loyal Customers,4912.49,22,4.6,1078.72,11.5,86.2
INV-01089,2024-06-06,Product-1083,SKU-1083,Home & Garden,Budget,Standard,18,68.79,57.85,1238.22,656.26,0.0,CUST-10089,Hibernating,571.84,314,9.0,50.03,89.0,15.7
INV-01090,2024-06-06,Product-1026,SKU-1026,Food & Beverage,Standard,Budget,27,21.74,17.85,540.02,340.21,0.08,CUST-10090,Hibernating,2235.53,259,11.4,204.27,73.5,16.9
INV-01091,2024-06-07,Product-1107,SKU-1107,Home & Garden,Budget,Premium,16,86.39,73.37,1285.48,707.01,0.07,CUST-10091,Loyal Customers,3804.43,51,4.3,826.87,24.0,88.5
INV-01092,2024-06-08,Product-1118,SKU-1118,Toys,Budget,New Discovery,1,37.44,40.52,37.44,21.34,0.0,CUST-10092,At Risk,3554.74,161,9.9,355.51,59.5,50.9
INV-01093,2024-06-08,Product-1088,SKU-1088,Electronics,Standard,Standard,13,134.99,156.11,1649.58,791.8,0.06,CUST-10093,Can't Lose Them,2538.45,200,2.0,1175.21,65.4,59.4
INV-01094,2024-06-09,Product-1022,SKU-1022,Toys,Standard,Standard,15,34.99,34.64,509.1,203.64,0.03,CUST-10094,At Risk,818.78,91,5.6,112.47,64.8,31.7
INV-01095,2024-06-09,Product-1010,SKU-1010,Food & Beverage,Standard,Standard,32,26.74,22.16,795.78,445.64,0.07,CUST-10095,Potential Loyalists,3647.43,37,5.4,711.0,38.9,63.7
INV-01096,2024-06-10,Product-1078,SKU-1078,Toys,Premium,New Discovery,14,35.69,34.68,459.69,211.46,0.08,CUST-10096,Can't Lose Them,2451.53,244,1.6,1276.84,41.2,48.4
INV-01097,2024-06-10,Product-1040,SKU-1040,Electronics,Standard,Premium,3,149.99,187.23,413.97,219.4,0.08,CUST-10097,Loyal Customers,2300.04,32,3.6,459.64,10.5,82.5
INV-01098,2024-06-11,Product-1030,SKU-1030,Toys,Standard,Budget,15,38.84,40.32,530.17,243.88,0.09,CUST-10098,Hibernating,2510.6,311,14.8,204.38,80.0,7.3
INV-01099,2024-06-12,Product-1089,SKU-1089,Clothing,Standard,Budget,7,51.59,63.82,346.68,169.87,0.04,CUST-10099,Hibernating,1327.59,365,18.0,81.95,90.0,31.6
INV-01100,2024-06-13,Product-1027,SKU-1027,Home & Garden,Budget,Standard,21,79.19,94.03,1529.95,902.67,0.08,CUST-10100,Hibernating,4000.07,360,17.6,177.56,92.0,10.6
INV-01101,2024-06-13,Product-1017,SKU-1017,Clothing,Standard,Premium,3,58.79,47.34,162.26,87.62,0.08,CUST-10101,Hibernating,2075.79,221,6.4,233.34,92.3,28.8
INV-01102,2024-06-15,Product-1047,SKU-1047,Books,Budget,Premium,50,17.79,20.0,809.45,412.82,0.09,CUST-10102,Champions,4643.71,23,1.7,2845.41,5.7,92.9
INV-01103,2024-06-18,Product-1013,SKU-1013,Beauty,Budget,Standard,17,44.54,49.3,726.89,298.02,0.04,CUST-10103,At Risk,5193.8,164,9.5,575.49,74.5,54.1
INV-01104,2024-06-18,Product-1078,SKU-1078,Toys,Budget,Premium,8,33.59,34.99,263.35,115.87,0.02,CUST-10104,Potential Loyalists,3142.57,24,5.0,766.48,30.2,78.3
INV-01105,2024-06-18,Product-1102,SKU-1102,Toys,Standard,Standard,8,34.99,32.19,254.73,114.63,0.09,CUST-10105,At Risk,2971.67,100,9.2,347.32,67.3,41.5
INV-01106,2024-06-19,Product-1024,SKU-1024,Electronics,Standard,New Discovery,5,148.49,161.62,616.23,394.39,0.17,CUST-10106,Can't Lose Them,5006.43,145,4.0,1490.01,40.2,45.1
INV-01107,2024-06-21,Product-1025,SKU-1025,Clothing,Standard,Standard,4,52.79,44.88,204.83,131.09,0.03,CUST-10107,Potential Loyalists,2858.01,11,5.4,456.26,37.4,66.4
INV-01108,2024-06-21,Product-1026,SKU-1026,Food & Beverage,Budget,Standard,14,23.24,23.14,305.84,198.8,0.06,CUST-10108,Loyal Customers,5667.92,41,4.5,1234.84,12.3,80.2
INV-01109,2024-06-22,Product-1065,SKU-1065,Clothing,Standard,New Discovery,16,56.99,57.23,857.13,342.85,0.06,CUST-10109,Champions,1883.53,20,3.0,532.07,1.4,88.3
INV-01110,2024-06-22,Product-1019,SKU-1019,Home & Garden,Premium,Premium,10,81.59,100.29,750.63,382.82,0.08,CUST-10110,Loyal Customers,4034.98,39,4.2,906.33,19.6,67.9
INV-01111,2024-06-22,Product-1085,SKU-1085,Beauty,Standard,Premium,19,40.49,48.35,715.46,386.35,0.07,CUST-10111,Loyal Customers,4268.93,15,3.9,882.74,13.7,80.2
INV-01112,2024-06-22,Product-1090,SKU-1090,Food & Beverage,Standard,Budget,30,27.74,25.48,832.2,507.64,0.0,CUST-10112,Hibernating,5119.23,212,14.3,288.7,86.1,29.5
INV-01113,2024-06-24,Product-1041,SKU-1041,Clothing,Budget,Standard,7,56.99,58.43,359.04,201.06,0.1,CUST-10113,Hibernating,2759.58,357,23.2,104.34,88.6,6.2
INV-01114,2024-06-27,Product-1052,SKU-1052,Sports,Standard,New Discovery,10,84.59,74.47,761.31,418.72,0.1,CUST-10114,Hibernating,1458.93,203,9.6,142.03,84.1,25.3
INV-01115,2024-06-27,Product-1098,SKU-1098,Food & Beverage,Premium,Premium,19,23.24,28.14,437.14,253.54,0.01,CUST-10115,Loyal Customers,2896.97,25,3.2,1077.74,22.8,79.1
INV-01116,2024-06-28,Product-1013,SKU-1013,Beauty,Standard,Budget,11,46.79,55.76,494.1,197.64,0.04,CUST-10116,At Risk,2662.67,137,7.9,358.56,68.4,30.6
INV-01117,2024-06-29,Product-1025,SKU-1025,Clothing,Premium,Standard,3,68.99,64.46,190.41,108.53,0.08,CUST-10117,Loyal Customers,4922.26,17,3.4,1167.52,13.7,77.3
INV-01118,2024-06-30,Product-1023,SKU-1023,Books,Standard,Budget,28,20.99,22.83,564.21,253.89,0.04,CUST-10118,Loyal Customers,8235.77,19,4.9,1474.36,9.6,69.9
INV-01119,2024-06-30,Product-1018,SKU-1018,Food & Beverage,Budget,Standard,28,26.74,28.72,733.75,293.5,0.02,CUST-10119,Potential Loyalists,2527.5,33,7.5,421.25,36.9,55.8
INV-01120,2024-07-02,Product-1107,SKU-1107,Home & Garden,Premium,Standard,8,69.59,60.46,506.62,293.84,0.09,CUST-10120,At Risk,6549.87,98,10.1,495.04,70.9,31.6
INV-01121,2024-07-03,Product-1080,SKU-1080,Electronics,Standard,Budget,2,151.49,173.17,275.71,151.64,0.09,CUST-10121,Champions,1283.59,9,1.4,764.04,0.4,81.6
INV-01122,2024-07-04,Product-1036,SKU-1036,Sports,Premium,Standard,7,83.69,87.27,579.97,260.99,0.01,CUST-10122,Potential Loyalists,2576.49,25,3.9,742.29,15.6,73.0
INV-01123,2024-07-05,Product-1089,SKU-1089,Clothing,Standard,New Discovery,2,58.79,67.63,98.77,54.32,0.16,CUST-10123,Champions,5679.22,13,1.9,2767.65,1.3,84.4
INV-01124,2024-07-06,Product-1039,SKU-1039,Books,Standard,Premium,12,20.79,21.59,234.51,128.98,0.06,CUST-10124,Hibernating,3656.86,317,23.5,152.56,84.4,6.2
INV-01125,2024-07-07,Product-1068,SKU-1068,Sports,Budget,Premium,1,98.09,78.5,92.2,47.02,0.06,CUST-10125,At Risk,6020.85,147,11.1,448.28,64.9,53.4
INV-01126,2024-07-07,Product-1016,SKU-1016,Electronics,Budget,Standard,11,128.99,122.01,1362.13,667.44,0.04,CUST-10126,At Risk,3973.61,64,8.0,551.89,76.8,36.0
INV-01127,2024-07-07,Product-1080,SKU-1080,Electronics,Standard,New Discovery,13,143.99,116.45,1703.4,919.84,0.09,CUST-10127,Potential Loyalists,2394.9,38,7.0,257.24,26.4,75.2
INV-01128,2024-07-08,Product-1046,SKU-1046,Toys,Premium,Premium,5,32.54,39.64,162.7,104.13,0.0,CUST-10128,Loyal Customers,4334.45,37,4.0,1152.78,10.8,85.2
INV-01129,2024-07-08,Product-1084,SKU-1084,Sports,Standard,Standard,12,100.79,120.49,1100.63,594.34,0.09,CUST-10129,Potential Loyalists,3856.42,27,7.5,424.95,21.0,74.8
INV-01130,2024-07-08,Product-1047,SKU-1047,Books,Premium,Premium,24,22.59,26.53,509.63,321.07,0.06,CUST-10130,Hibernating,790.77,235,9.9,74.65,78.6,18.9
INV-01131,2024-07-08,Product-1014,SKU-1014,Toys,Budget,Budget,13,36.74,34.48,463.29,240.91,0.03,CUST-10131,Loyal Customers,4802.29,57,3.0,1345.18,10.1,84.6
INV-01132,2024-07-09,Product-1097,SKU-1097,Clothing,Premium,Premium,3,61.19,50.55,172.56,74.2,0.06,CUST-10132,Potential Loyalists,3400.44,29,4.4,560.02,32.2,68.1
INV-01133,2024-07-09,Product-1010,SKU-1010,Food & Beverage,Budget,Budget,15,26.99,32.26,380.56,235.95,0.06,CUST-10133,At Risk,3096.74,120,11.0,223.43,50.0,42.7
INV-01134,2024-07-09,Product-1077,SKU-1077,Beauty,Premium,Budget,1,51.29,62.89,50.26,30.16,0.02,CUST-10134,Loyal Customers,1120.13,44,2.5,407.32,14.4,67.2
INV-01135,2024-07-10,Product-1002,SKU-1002,Food & Beverage,Standard,Premium,33,23.24,19.49,759.25,356.85,0.01,CUST-10135,Champions,1910.23,20,1.1,1736.57,3.8,88.4
INV-01136,2024-07-11,Product-1073,SKU-1073,Clothing,Standard,Premium,19,56.39,57.44,974.98,516.74,0.09,CUST-10136,Potential Loyalists,2536.88,23,6.5,293.45,19.2,77.4
INV-01137,2024-07-11,Product-1080,SKU-1080,Electronics,Budget,Standard,6,170.99,142.12,974.64,516.56,0.05,CUST-10137,Loyal Customers,2200.18,34,2.9,621.87,16.5,84.5
INV-01138,2024-07-12,Product-1103,SKU-1103,Books,Standard,Standard,3,22.19,25.35,63.91,27.48,0.04,CUST-10138,Potential Loyalists,1828.94,30,3.2,705.61,26.5,63.3
INV-01139,2024-07-13,Product-1077,SKU-1077,Beauty,Standard,Standard,12,51.74,59.22,614.67,362.66,0.01,CUST-10139,Loyal Customers,3666.19,40,2.9,1159.82,14.4,70.8
INV-01140,2024-07-13,Product-1108,SKU-1108,Sports,Premium,Standard,5,96.29,82.6,438.12,276.02,0.09,CUST-10140,Loyal Customers,2328.9,15,2.8,660.12,10.5,66.7
INV-01141,2024-07-14,Product-1019,SKU-1019,Home & Garden,Budget,Budget,20,70.39,71.37,1323.33,648.43,0.06,CUST-10141,Potential Loyalists,3723.83,25,4.3,773.22,25.0,61.6
INV-01142,2024-07-14,Product-1070,SKU-1070,Toys,Budget,Budget,6,38.49,40.31,221.7,141.89,0.04,CUST-10142,Loyal Customers,1618.84,52,2.5,588.67,7.8,72.6
INV-01143,2024-07-14,Product-1041,SKU-1041,Clothing,Premium,Standard,1,68.39,62.87,63.6,28.62,0.07,CUST-10143,Champions,5574.47,18,2.9,1701.09,1.8,88.2
INV-01144,2024-07-15,Product-1117,SKU-1117,Beauty,Budget,Standard,18,46.79,55.8,783.26,383.8,0.07,CUST-10144,Can't Lose Them,10416.35,186,4.7,1666.35,41.2,46.1
INV-01145,2024-07-15,Product-1071,SKU-1071,Books,Budget,Standard,17,20.59,20.39,325.53,139.98,0.07,CUST-10145,Hibernating,1346.11,307,6.0,196.8,87.5,11.0
INV-01146,2024-07-16,Product-1064,SKU-1064,Electronics,Standard,Standard,4,143.99,128.92,570.2,347.82,0.01,CUST-10146,Can't Lose Them,3632.4,96,3.5,798.33,65.4,59.9
INV-01147,2024-07-17,Product-1067,SKU-1067,Home & Garden,Budget,Standard,12,87.99,91.75,1034.76,475.99,0.02,CUST-10147,Loyal Customers,1535.84,39,2.5,468.96,16.4,81.5
INV-01148,2024-07-18,Product-1050,SKU-1050,Food & Beverage,Budget,New Discovery,46,28.24,31.87,1195.12,561.71,0.08,CUST-10148,At Risk,2343.75,74,4.3,394.97,76.5,30.4
INV-01149,2024-07-19,Product-1025,SKU-1025,Clothing,Standard,New Discovery,8,54.59,48.61,384.31,165.25,0.12,CUST-10149,Potential Loyalists,2041.84,45,3.7,510.97,28.8,63.8
INV-01150,2024-07-19,Product-1044,SKU-1044,Sports,Premium,Premium,4,76.49,71.92,281.48,168.89,0.08,CUST-10150,Potential Loyalists,1491.02,30,7.1,238.64,35.0,66.7
INV-01151,2024-07-19,Product-1017,SKU-1017,Clothing,Standard,Standard,2,65.99,82.34,122.74,69.96,0.07,CUST-10151,Can't Lose Them,9387.36,226,5.3,1440.0,63.6,32.5
INV-01152,2024-07-20,Product-1009,SKU-1009,Clothing,Premium,Budget,7,52.19,57.01,339.76,139.3,0.07,CUST-10152,At Risk,1770.72,174,8.0,189.18,60.2,29.9
INV-01153,2024-07-21,Product-1115,SKU-1115,Home & Garden,Budget,Standard,11,70.39,70.19,727.83,342.08,0.06,CUST-10153,Potential Loyalists,2534.55,35,6.2,335.08,36.2,75.8
INV-01154,2024-07-24,Product-1087,SKU-1087,Books,Budget,New Discovery,46,18.99,19.61,838.6,486.39,0.04,CUST-10154,Potential Loyalists,3711.72,11,6.7,651.75,28.2,60.0
INV-01155,2024-07-24,Product-1079,SKU-1079,Books,Standard,Standard,15,19.59,16.74,264.47,132.24,0.1,CUST-10155,Potential Loyalists,1152.55,23,4.5,261.35,36.1,71.8
INV-01156,2024-07-24,Product-1057,SKU-1057,Clothing,Premium,Standard,4,59.39,53.52,218.56,111.47,0.08,CUST-10156,At Risk,4507.5,173,6.6,550.77,52.6,41.8
INV-01157,2024-07-24,Product-1100,SKU-1100,Sports,Premium,Budget,13,79.19,75.4,998.59,449.37,0.03,CUST-10157,Loyal Customers,1956.85,25,2.2,988.31,9.5,85.2
INV-01158,2024-07-24,Product-1115,SKU-1115,Home & Garden,Standard,Premium,7,74.39,79.21,489.49,288.8,0.06,CUST-10158,Champions,3154.01,6,2.0,1609.19,3.0,95.3
INV-01159,2024-07-25,Product-1046,SKU-1046,Toys,Premium,Premium,12,39.89,36.04,473.89,251.16,0.01,CUST-10159,At Risk,4924.14,167,9.1,487.49,50.9,53.7
INV-01160,2024-07-25,Product-1061,SKU-1061,Beauty,Standard,Premium,4,51.29,46.11,186.7,106.42,0.09,CUST-10160,Loyal Customers,1683.5,51,3.7,561.73,12.4,70.2
INV-01161,2024-07-26,Product-1012,SKU-1012,Sports,Standard,Premium,2,80.09,66.63,152.17,68.48,0.05,CUST-10161,Potential Loyalists,1762.87,39,5.5,286.18,33.0,76.8
INV-01162,2024-07-26,Product-1103,SKU-1103,Books,Standard,Standard,8,21.79,23.62,162.12,79.44,0.07,CUST-10162,Loyal Customers,5471.7,40,3.7,1222.18,20.7,88.6
INV-01163,2024-07-27,Product-1104,SKU-1104,Electronics,Premium,Budget,6,142.49,128.67,812.19,381.73,0.05,CUST-10163,Loyal Customers,2342.41,33,4.1,582.98,14.8,68.0
INV-01164,2024-07-27,Product-1086,SKU-1086,Toys,Premium,Standard,9,36.04,43.52,317.87,203.44,0.02,CUST-10164,Hibernating,4778.09,234,24.0,203.15,90.2,11.1
INV-01165,2024-07-27,Product-1017,SKU-1017,Clothing,Standard,Standard,7,53.99,64.08,374.15,157.14,0.01,CUST-10165,Loyal Customers,3717.5,56,3.3,1033.5,13.9,80.4
INV-01166,2024-07-27,Product-1027,SKU-1027,Home & Garden,Premium,Premium,11,75.99,63.22,835.89,493.18,0.0,CUST-10166,Loyal Customers,3585.09,19,3.6,1214.46,15.4,85.7
INV-01167,2024-07-27,Product-1023,SKU-1023,Books,Premium,Premium,1,20.99,19.04,19.52,9.76,0.07,CUST-10167,Potential Loyalists,3256.28,24,6.2,617.89,32.7,59.8
INV-01168,2024-07-28,Product-1017,SKU-1017,Clothing,Standard,Standard,6,59.99,66.05,323.95,200.85,0.1,CUST-10168,Hibernating,3472.67,220,19.4,184.54,87.7,17.4
INV-01169,2024-07-29,Product-1032,SKU-1032,Electronics,Premium,Standard,18,158.99,142.52,2718.73,1440.93,0.05,CUST-10169,At Risk,3326.64,80,5.6,550.04,60.7,46.3
INV-01170,2024-07-31,Product-1012,SKU-1012,Sports,Standard,Standard,8,79.19,68.07,601.84,324.99,0.05,CUST-10170,Champions,4309.93,17,1.2,2640.89,0.4,83.8
INV-01171,2024-07-31,Product-1003,SKU-1003,Home & Garden,Premium,New Discovery,15,88.79,108.41,1078.8,474.67,0.19,CUST-10171,Loyal Customers,2522.34,35,4.1,741.21,14.0,87.3
INV-01172,2024-08-01,Product-1051,SKU-1051,Home & Garden,Budget,Premium,7,85.59,90.47,569.17,301.66,0.05,CUST-10172,Potential Loyalists,1752.21,25,3.6,386.29,28.1,61.5
INV-01173,2024-08-01,Product-1032,SKU-1032,Electronics,Budget,Premium,20,134.99,136.7,2618.81,1361.78,0.03,CUST-10173,Hibernating,2947.64,302,12.4,181.46,86.0,22.8
INV-01174,2024-08-01,Product-1109,SKU-1109,Beauty,Standard,New Discovery,19,47.24,54.47,753.95,339.28,0.16,CUST-10174,Hibernating,2526.49,364,13.6,213.53,90.7,7.7
INV-01175,2024-08-02,Product-1032,SKU-1032,Electronics,Budget,Standard,9,157.49,183.22,1374.89,783.69,0.03,CUST-10175,Potential Loyalists,4138.04,16,4.8,783.72,38.1,63.7
INV-01176,2024-08-02,Product-1056,SKU-1056,Electronics,Premium,Premium,21,133.49,118.23,2550.99,1377.53,0.09,CUST-10176,Loyal Customers,3904.75,33,4.9,813.15,20.1,75.2
INV-01177,2024-08-02,Product-1087,SKU-1087,Books,Budget,Standard,27,22.39,18.89,574.3,275.66,0.05,CUST-10177,Potential Loyalists,2257.89,20,3.6,774.31,39.9,68.4
INV-01178,2024-08-03,Product-1082,SKU-1082,Food & Beverage,Standard,Standard,19,22.24,22.11,388.76,233.26,0.08,CUST-10178,At Risk,3188.82,96,11.8,252.56,75.0,41.7
INV-01179,2024-08-04,Product-1040,SKU-1040,Electronics,Standard,Budget,3,149.99,148.58,422.97,249.55,0.06,CUST-10179,At Risk,2461.95,110,9.2,294.07,63.1,50.9
INV-01180,2024-08-04,Product-1077,SKU-1077,Beauty,Standard,Premium,17,40.94,41.36,661.18,370.26,0.05,CUST-10180,Hibernating,647.84,303,7.9,76.64,89.5,10.4
INV-01181,2024-08-06,Product-1066,SKU-1066,Food & Beverage,Budget,New Discovery,30,27.74,31.29,674.08,404.45,0.19,CUST-10181,At Risk,1304.86,124,6.0,178.26,71.8,33.0
INV-01182,2024-08-07,Product-1040,SKU-1040,Electronics,Standard,Standard,1,169.49,186.95,154.24,78.66,0.09,CUST-10182,Hibernating,2555.75,283,15.2,138.96,94.5,30.3
INV-01183,2024-08-08,Product-1021,SKU-1021,Beauty,Budget,Standard,5,51.74,64.31,240.59,103.45,0.07,CUST-10183,Loyal Customers,2012.95,30,2.9,550.89,24.6,83.3
INV-01184,2024-08-09,Product-1005,SKU-1005,Beauty,Standard,New Discovery,19,50.84,42.92,879.02,492.25,0.09,CUST-10184,Champions,2898.84,1,1.7,1244.67,2.2,88.6
INV-01185,2024-08-09,Product-1107,SKU-1107,Home & Garden,Standard,Standard,18,68.79,67.5,1126.78,676.07,0.09,CUST-10185,Hibernating,4104.2,321,12.2,287.53,73.0,19.0
INV-01186,2024-08-11,Product-1016,SKU-1016,Electronics,Budget,Standard,3,146.99,140.04,427.74,269.48,0.03,CUST-10186,Can't Lose Them,2607.65,161,3.4,871.54,47.6,46.1
INV-01187,2024-08-11,Product-1073,SKU-1073,Clothing,Standard,Standard,10,65.99,78.38,607.11,248.92,0.08,CUST-10187,Loyal Customers,1445.69,49,2.8,469.38,6.7,85.3
INV-01188,2024-08-12,Product-1091,SKU-1091,Home & Garden,Standard,Premium,6,89.59,81.7,505.29,237.49,0.06,CUST-10188,At Risk,4518.62,84,8.6,441.53,73.5,31.1
INV-01189,2024-08-13,Product-1038,SKU-1038,Toys,Standard,Premium,4,34.29,30.37,137.16,78.18,0.0,CUST-10189,Loyal Customers,2843.19,22,2.4,1139.1,21.8,85.9
INV-01190,2024-08-13,Product-1001,SKU-1001,Clothing,Budget,New Discovery,10,61.19,61.3,526.23,310.48,0.14,CUST-10190,Loyal Customers,2514.2,26,3.4,539.76,10.8,74.7
INV-01191,2024-08-14,Product-1053,SKU-1053,Beauty,Standard,Budget,6,47.69,47.21,280.42,117.78,0.02,CUST-10191,Champions,3036.17,11,1.4,1869.56,12.9,89.0
INV-01192,2024-08-14,Product-1017,SKU-1017,Clothing,Standard,Standard,6,61.79,57.18,348.5,146.37,0.06,CUST-10192,Potential Loyalists,5088.2,26,7.6,515.0,30.5,72.8
INV-01193,2024-08-15,Product-1119,SKU-1119,Books,Premium,Premium,21,17.59,16.05,339.84,186.91,0.08,CUST-10193,Loyal Customers,3647.69,23,4.3,637.82,11.7,74.0
INV-01194,2024-08-15,Product-1101,SKU-1101,Beauty,Standard,Standard,14,39.14,47.57,493.16,246.58,0.1,CUST-10194,At Risk,1582.45,146,5.7,250.11,78.5,26.9
INV-01195,2024-08-15,Product-1032,SKU-1032,Electronics,Premium,Budget,19,155.99,155.9,2726.71,1636.03,0.08,CUST-10195,Champions,4227.63,9,2.2,2402.06,0.2,84.6
INV-01196,2024-08-16,Product-1064,SKU-1064,Electronics,Premium,Budget,20,167.99,199.51,3225.41,1515.94,0.04,CUST-10196,Loyal Customers,3904.83,37,2.8,1143.1,13.8,72.8
INV-01197,2024-08-16,Product-1020,SKU-1020,Sports,Premium,Standard,1,81.89,85.79,81.89,35.21,0.0,CUST-10197,Loyal Customers,6030.16,35,4.8,1055.7,17.6,80.6
INV-01198,2024-08-17,Product-1026,SKU-1026,Food & Beverage,Standard,Standard,12,26.49,21.8,311.52,127.72,0.02,CUST-10198,Hibernating,4376.32,297,18.1,246.72,76.1,22.5
INV-01199,2024-08-17,Product-1076,SKU-1076,Sports,Premium,Premium,8,97.19,121.46,723.09,325.39,0.07,CUST-10199,Potential Loyalists,1607.01,21,7.1,260.16,34.5,71.2
INV-01200,2024-08-18,Product-1012,SKU-1012,Sports,Standard,Budget,14,102.59,120.67,1378.81,592.89,0.04,CUST-10200,Hibernating,2869.67,294,15.9,214.86,89.2,17.8
INV-01201,2024-08-18,Product-1088,SKU-1088,Electronics,Premium,Standard,4,140.99,174.27,541.4,324.84,0.04,CUST-10201,Loyal Customers,2516.04,25,4.5,665.62,7.9,89.8
INV-01202,2024-08-18,Product-1070,SKU-1070,Toys,Budget,Standard,2,32.89,40.02,60.52,32.08,0.08,CUST-10202,Potential Loyalists,2209.78,15,5.4,349.76,37.5,56.2
INV-01203,2024-08-19,Product-1021,SKU-1021,Beauty,Premium,Standard,10,39.14,46.26,364.0,167.44,0.07,CUST-10203,Potential Loyalists,2246.34,41,7.1,390.6,22.4,57.5
INV-01204,2024-08-19,Product-1009,SKU-1009,Clothing,Standard,New Discovery,14,62.39,54.58,803.58,490.18,0.08,CUST-10204,Champions,2902.13,2,1.7,1580.68,4.5,93.3
INV-01205,2024-08-21,Product-1109,SKU-1109,Beauty,Budget,Premium,2,48.14,49.03,89.54,45.67,0.07,CUST-10205,Loyal Customers,6951.37,16,4.5,1379.24,23.8,73.9
INV-01206,2024-08-21,Product-1057,SKU-1057,Clothing,Standard,Premium,6,51.59,46.23,290.97,154.21,0.06,CUST-10206,Hibernating,1950.23,269,10.1,180.46,73.4,15.0
INV-01207,2024-08-22,Product-1005,SKU-1005,Beauty,Standard,Standard,15,43.19,42.35,602.5,271.12,0.07,CUST-10207,Loyal Customers,4489.94,50,2.6,1381.52,20.6,71.4
INV-01208,2024-08-22,Product-1053,SKU-1053,Beauty,Standard,Premium,12,45.89,37.92,506.63,243.18,0.08,CUST-10208,Potential Loyalists,4810.0,22,6.6,792.16,39.1,75.0
INV-01209,2024-08-22,Product-1014,SKU-1014,Toys,Budget,Standard,21,33.24,32.26,635.22,266.79,0.09,CUST-10209,At Risk,1321.03,67,7.3,163.03,75.2,25.9
INV-01210,2024-08-24,Product-1025,SKU-1025,Clothing,Premium,Standard,14,64.19,79.81,817.78,482.49,0.09,CUST-10210,Hibernating,807.82,227,8.7,70.88,86.0,22.9
INV-01211,2024-08-24,Product-1116,SKU-1116,Sports,Standard,Standard,5,102.59,94.32,507.82,284.38,0.01,CUST-10001,Loyal Customers,2751.14,23,4.9,460.21,22.5,83.7
INV-01212,2024-08-26,Product-1053,SKU-1053,Beauty,Budget,Premium,12,39.59,45.64,465.58,302.63,0.02,CUST-10002,Champions,6261.73,18,2.7,2493.72,1.6,88.7
INV-01213,2024-08-27,Product-1119,SKU-1119,Books,Premium,Standard,21,19.19,19.28,386.87,232.12,0.04,CUST-10003,Loyal Customers,2692.39,60,2.5,970.23,24.4,85.7
INV-01214,2024-08-28,Product-1115,SKU-1115,Home & Garden,Budget,Standard,5,79.19,78.43,360.31,147.73,0.09,CUST-10004,Hibernating,2119.67,208,12.6,189.02,71.0,14.5
INV-01215,2024-08-29,Product-1092,SKU-1092,Sports,Premium,Standard,4,82.79,101.9,327.85,199.99,0.01,CUST-10005,Potential Loyalists,1123.23,19,5.9,226.64,33.2,71.7
INV-01216,2024-08-30,Product-1081,SKU-1081,Clothing,Standard,Premium,15,54.59,68.13,761.53,441.69,0.07,CUST-10006,Potential Loyalists,4390.39,11,7.1,448.09,24.4,69.8
INV-01217,2024-08-30,Product-1003,SKU-1003,Home & Garden,Standard,Budget,21,85.59,89.88,1779.42,943.09,0.01,CUST-10007,Can't Lose Them,3295.99,90,1.4,1961.9,58.2,45.3
INV-01218,2024-08-30,Product-1006,SKU-1006,Toys,Budget,Budget,1,32.89,36.94,32.23,17.73,0.02,CUST-10008,At Risk,1178.13,121,5.3,200.26,61.7,47.6
INV-01219,2024-09-01,Product-1083,SKU-1083,Home & Garden,Standard,Standard,16,77.59,67.48,1191.78,655.48,0.04,CUST-10009,Can't Lose Them,1242.25,260,1.4,1069.06,41.3,39.7
INV-01220,2024-09-01,Product-1106,SKU-1106,Food & Beverage,Premium,Budget,38,28.49,26.6,1039.32,613.2,0.04,CUST-10010,Loyal Customers,1672.21,30,4.1,474.25,8.7,77.7
INV-01221,2024-09-02,Product-1065,SKU-1065,Clothing,Premium,Premium,6,60.59,74.88,334.46,163.89,0.08,CUST-10011,Can't Lose Them,4456.18,203,4.7,1102.47,63.0,56.5
INV-01222,2024-09-03,Product-1022,SKU-1022,Toys,Premium,New Discovery,12,32.89,34.88,347.32,156.29,0.12,CUST-10012,Loyal Customers,801.92,15,2.5,320.77,19.0,89.9
INV-01223,2024-09-04,Product-1030,SKU-1030,Toys,Standard,New Discovery,20,37.79,39.45,710.45,341.02,0.06,CUST-10013,At Risk,699.39,120,4.8,173.46,65.0,44.1
INV-01224,2024-09-04,Product-1066,SKU-1066,Food & Beverage,Premium,Budget,35,28.49,32.38,907.41,399.26,0.09,CUST-10014,At Risk,2452.41,161,8.1,332.71,78.9,52.6
INV-01225,2024-09-04,Product-1038,SKU-1038,Toys,Standard,Standard,7,39.54,32.65,257.41,102.96,0.07,CUST-10015,Potential Loyalists,778.88,42,3.3,198.34,23.9,78.7
INV-01226,2024-09-05,Product-1010,SKU-1010,Food & Beverage,Budget,Premium,47,27.99,29.75,1197.13,550.68,0.09,CUST-10016,Loyal Customers,1909.4,32,2.5,720.53,22.6,87.8
INV-01227,2024-09-05,Product-1028,SKU-1028,Sports,Standard,Budget,20,78.29,80.35,1534.48,751.9,0.02,CUST-10017,Hibernating,3007.99,350,10.9,222.55,73.4,28.1
INV-01228,2024-09-06,Product-1024,SKU-1024,Electronics,Premium,New Discovery,3,140.99,166.89,418.74,226.12,0.01,CUST-10018,Champions,4339.01,20,1.3,2648.97,3.0,97.2
INV-01229,2024-09-07,Product-1039,SKU-1039,Books,Premium,Standard,1,20.99,18.28,20.57,9.67,0.02,CUST-10019,Loyal Customers,3366.14,16,3.3,1133.38,23.9,77.5
INV-01230,2024-09-07,Product-1065,SKU-1065,Clothing,Premium,Standard,2,66.59,82.06,121.19,54.54,0.09,CUST-10020,Hibernating,1207.74,272,12.2,76.15,88.5,30.7
INV-01231,2024-09-09,Product-1090,SKU-1090,Food & Beverage,Standard,New Discovery,43,28.74,24.03,1223.46,587.26,0.01,CUST-10021,Potential Loyalists,6363.46,31,6.9,720.5,15.9,61.9
INV-01232,2024-09-10,Product-1048,SKU-1048,Electronics,Premium,New Discovery,7,139.49,123.26,898.32,467.13,0.08,CUST-10022,Loyal Customers,5455.08,24,4.9,935.53,10.3,65.2
INV-01233,2024-09-10,Product-1034,SKU-1034,Food & Beverage,Standard,Premium,30,22.99,24.55,641.42,339.95,0.07,CUST-10023,Hibernating,5119.47,208,15.2,285.43,81.5,32.8
INV-01234,2024-09-10,Product-1029,SKU-1029,Beauty,Budget,New Discovery,19,48.14,53.14,878.07,482.94,0.04,CUST-10024,Can't Lose Them,6631.17,122,5.1,970.32,66.9,59.8
INV-01235,2024-09-11,Product-1102,SKU-1102,Toys,Standard,Standard,9,36.74,33.28,324.05,158.78,0.02,CUST-10025,Can't Lose Them,2125.38,168,1.5,1336.72,57.7,43.2
INV-01236,2024-09-11,Product-1031,SKU-1031,Books,Standard,Standard,22,18.19,15.53,396.18,249.59,0.01,CUST-10026,Potential Loyalists,4361.18,34,7.9,520.8,17.4,64.1
INV-01237,2024-09-12,Product-1085,SKU-1085,Beauty,Standard,Standard,14,45.89,55.1,629.61,289.62,0.02,CUST-10027,Hibernating,1634.62,319,21.0,89.47,90.1,7.5
INV-01238,2024-09-12,Product-1008,SKU-1008,Electronics,Budget,Premium,3,157.49,143.44,434.67,247.76,0.08,CUST-10028,At Risk,2480.03,177,9.6,191.36,67.1,53.9
INV-01239,2024-09-13,Product-1119,SKU-1119,Books,Budget,New Discovery,50,20.39,21.77,999.11,509.55,0.02,CUST-10029,Loyal Customers,1989.33,51,3.0,566.76,11.2,86.2
INV-01240,2024-09-15,Product-1111,SKU-1111,Books,Budget,Budget,24,18.59,20.05,432.78,199.08,0.03,CUST-10030,Loyal Customers,3564.03,54,4.9,563.84,19.4,71.8
INV-01241,2024-09-16,Product-1062,SKU-1062,Toys,Premium,Standard,15,33.24,32.86,488.63,268.75,0.02,CUST-10031,Potential Loyalists,2400.09,18,3.8,493.44,34.5,69.3
INV-01242,2024-09-19,Product-1111,SKU-1111,Books,Standard,Budget,1,20.59,21.88,19.56,9.39,0.05,CUST-10032,Hibernating,1414.86,200,8.0,160.78,79.6,26.5
INV-01243,2024-09-19,Product-1010,SKU-1010,Food & Beverage,Premium,Standard,48,22.99,23.8,1092.48,546.24,0.01,CUST-10033,Loyal Customers,5740.92,28,3.0,1428.09,15.2,70.4
INV-01244,2024-09-19,Product-1073,SKU-1073,Clothing,Standard,Premium,20,65.39,79.82,1255.49,665.41,0.04,CUST-10034,Loyal Customers,1258.06,23,3.1,324.66,19.2,82.7
INV-01245,2024-09-21,Product-1017,SKU-1017,Clothing,Standard,Standard,15,52.79,47.08,720.58,425.14,0.09,CUST-10035,Loyal Customers,2212.19,34,3.0,599.51,15.8,78.8
INV-01246,2024-09-22,Product-1102,SKU-1102,Toys,Standard,Standard,4,39.89,44.77,154.77,72.74,0.03,CUST-10036,Loyal Customers,3027.04,40,2.3,1277.77,23.1,70.3
INV-01247,2024-09-22,Product-1026,SKU-1026,Food & Beverage,Premium,New Discovery,12,23.24,21.09,259.36,127.09,0.07,CUST-10037,Loyal Customers,2819.01,23,2.4,889.84,18.6,85.0
INV-01248,2024-09-23,Product-1084,SKU-1084,Sports,Standard,New Discovery,10,87.29,85.38,820.53,369.24,0.06,CUST-10038,Can't Lose Them,2245.15,170,1.6,1071.16,46.8,45.5
INV-01249,2024-09-24,Product-1040,SKU-1040,Electronics,Standard,Budget,17,142.49,157.06,2422.33,1380.73,0.0,CUST-10039,Hibernating,403.85,362,6.2,63.24,94.4,14.1
INV-01250,2024-09-24,Product-1080,SKU-1080,Electronics,Premium,Premium,4,127.49,119.2,474.26,199.19,0.07,CUST-10040,At Risk,2309.72,104,6.4,277.61,50.9,34.7
INV-01251,2024-09-24,Product-1080,SKU-1080,Electronics,Budget,Standard,18,131.99,124.37,2280.79,1322.86,0.04,CUST-10041,Can't Lose Them,5262.65,91,5.8,898.37,42.4,36.9
INV-01252,2024-09-24,Product-1005,SKU-1005,Beauty,Premium,Budget,15,49.04,55.82,728.24,400.53,0.01,CUST-10042,Hibernating,863.83,185,9.0,81.34,78.2,20.4
INV-01253,2024-09-25,Product-1108,SKU-1108,Sports,Standard,New Discovery,14,100.79,83.92,1199.4,707.65,0.15,CUST-10043,Loyal Customers,1717.66,55,2.8,674.12,23.0,89.8
INV-01254,2024-09-26,Product-1068,SKU-1068,Sports,Budget,Standard,8,84.59,85.12,609.05,341.07,0.1,CUST-10044,Champions,3739.87,30,2.2,1574.02,6.7,83.5
INV-01255,2024-09-26,Product-1078,SKU-1078,Toys,Standard,Premium,6,33.59,41.96,191.46,82.33,0.05,CUST-10045,Loyal Customers,1678.27,16,3.7,346.25,17.9,74.5
INV-01256,2024-09-27,Product-1066,SKU-1066,Food & Beverage,Standard,Premium,6,27.99,34.94,154.5,77.25,0.08,CUST-10046,Can't Lose Them,3041.78,255,3.6,1018.0,57.3,50.1
INV-01257,2024-09-27,Product-1026,SKU-1026,Food & Beverage,Budget,Standard,20,22.49,18.73,436.31,253.06,0.03,CUST-10047,Loyal Customers,2573.95,56,2.2,1135.9,12.7,80.5
INV-01258,2024-09-28,Product-1048,SKU-1048,Electronics,Standard,Standard,20,163.49,146.47,3040.91,1368.41,0.07,CUST-10048,Hibernating,925.23,189,6.5,103.9,77.2,16.8
INV-01259,2024-09-28,Product-1022,SKU-1022,Toys,Standard,Premium,1,39.54,36.35,36.77,19.49,0.07,CUST-10049,Champions,3379.49,4,1.6,2247.0,0.9,87.8
INV-01260,2024-09-28,Product-1084,SKU-1084,Sports,Standard,Standard,10,83.69,102.1,836.9,401.71,0.0,CUST-10050,Hibernating,3392.74,180,16.2,175.99,79.4,26.5
INV-01261,2024-09-30,Product-1100,SKU-1100,Sports,Premium,Budget,19,80.99,96.9,1523.42,716.01,0.01,CUST-10051,Hibernating,1613.58,216,8.5,162.25,81.8,25.8
INV-01262,2024-09-30,Product-1025,SKU-1025,Clothing,Premium,New Discovery,6,61.79,73.88,352.2,200.75,0.05,CUST-10052,Potential Loyalists,1220.67,28,3.7,299.92,27.6,64.9
INV-01263,2024-10-01,Product-1089,SKU-1089,Clothing,Standard,New Discovery,14,56.99,55.07,726.05,406.59,0.09,CUST-10053,Champions,2215.13,28,1.2,1605.17,4.0,92.3
INV-01264,2024-10-01,Product-1038,SKU-1038,Toys,Premium,Standard,10,31.14,27.12,302.06,157.07,0.03,CUST-10054,Hibernating,4914.95,354,20.2,248.28,86.0,9.7
INV-01265,2024-10-01,Product-1120,SKU-1120,Electronics,Premium,Standard,5,128.99,151.59,632.05,379.23,0.02,CUST-10055,Potential Loyalists,1754.1,20,4.2,390.32,29.8,70.5
INV-01266,2024-10-02,Product-1076,SKU-1076,Sports,Standard,Premium,5,82.79,92.44,384.97,242.53,0.07,CUST-10056,Potential Loyalists,3786.89,40,5.3,567.07,28.4,69.2
INV-01267,2024-10-02,Product-1075,SKU-1075,Home & Garden,Premium,Budget,19,83.99,90.31,1468.15,734.08,0.08,CUST-10057,Can't Lose Them,6783.88,230,2.6,1932.73,56.5,36.0
INV-01268,2024-10-03,Product-1107,SKU-1107,Home & Garden,Standard,Standard,21,71.19,88.58,1390.34,750.78,0.07,CUST-10058,Loyal Customers,5083.02,44,4.2,1273.94,15.5,88.3
INV-01269,2024-10-05,Product-1052,SKU-1052,Sports,Standard,Budget,19,77.39,84.69,1382.19,898.42,0.06,CUST-10059,Loyal Customers,2745.96,17,3.8,729.92,19.0,74.5
INV-01270,2024-10-05,Product-1071,SKU-1071,Books,Premium,Standard,12,17.39,13.97,196.16,127.5,0.06,CUST-10060,Champions,5454.16,23,1.8,2261.26,2.5,81.8
INV-01271,2024-10-06,Product-1084,SKU-1084,Sports,Standard,Budget,10,98.99,115.59,940.4,441.99,0.05,CUST-10061,Can't Lose Them,8311.24,134,6.0,1489.47,66.8,43.3
INV-01272,2024-10-06,Product-1090,SKU-1090,Food & Beverage,Standard,Premium,43,25.24,23.59,1020.2,469.29,0.06,CUST-10062,Champions,3508.54,25,1.9,1943.79,10.3,80.2
INV-01273,2024-10-07,Product-1112,SKU-1112,Electronics,Premium,New Discovery,13,154.49,169.71,1666.95,733.46,0.17,CUST-10063,Potential Loyalists,3923.46,38,6.2,461.91,16.1,69.4
INV-01274,2024-10-08,Product-1014,SKU-1014,Toys,Budget,Standard,8,39.89,48.77,303.16,145.52,0.05,CUST-10064,Potential Loyalists,2073.72,14,7.9,252.4,21.2,64.4
INV-01275,2024-10-09,Product-1094,SKU-1094,Toys,Standard,Premium,12,34.64,29.81,403.21,245.96,0.03,CUST-10065,Potential Loyalists,5725.94,12,7.5,755.9,38.1,60.9
INV-01276,2024-10-11,Product-1054,SKU-1054,Toys,Standard,Budget,10,37.79,32.19,347.67,191.22,0.08,CUST-10066,Loyal Customers,2653.43,40,3.5,924.54,16.0,71.3
INV-01277,2024-10-11,Product-1064,SKU-1064,Electronics,Premium,Standard,21,148.49,125.94,3087.11,1512.68,0.01,CUST-10067,Hibernating,1382.82,273,8.6,191.42,81.2,16.0
INV-01278,2024-10-12,Product-1064,SKU-1064,Electronics,Premium,Standard,13,130.49,136.88,1611.55,805.77,0.05,CUST-10068,Loyal Customers,4752.46,56,3.9,1107.8,11.9,81.6
INV-01279,2024-10-12,Product-1119,SKU-1119,Books,Budget,New Discovery,46,17.79,16.41,744.69,454.26,0.09,CUST-10069,Champions,2424.23,3,2.4,863.33,9.9,88.6
INV-01280,2024-10-12,Product-1053,SKU-1053,Beauty,Standard,Premium,6,46.34,49.68,272.48,141.69,0.02,CUST-10070,At Risk,3341.88,114,6.9,499.31,73.4,25.4
INV-01281,2024-10-12,Product-1092,SKU-1092,Sports,Standard,Premium,14,92.69,104.08,1219.8,670.89,0.06,CUST-10071,Potential Loyalists,2821.02,25,5.6,462.16,39.1,66.8
INV-01282,2024-10-13,Product-1051,SKU-1051,Home & Garden,Standard,Premium,14,70.39,62.76,926.33,435.38,0.06,CUST-10072,At Risk,2288.53,97,5.8,398.56,64.8,52.6
INV-01283,2024-10-13,Product-1062,SKU-1062,Toys,Premium,New Discovery,8,34.29,37.22,257.86,105.72,0.06,CUST-10073,Can't Lose Them,3905.74,180,2.5,1358.52,60.9,56.7
INV-01284,2024-10-14,Product-1070,SKU-1070,Toys,Premium,Standard,12,30.79,28.29,365.79,212.16,0.01,CUST-10074,Loyal Customers,1561.39,16,3.2,548.24,12.8,75.2
INV-01285,2024-10-14,Product-1015,SKU-1015,Books,Standard,New Discovery,36,17.19,17.53,544.58,348.53,0.12,CUST-10075,Can't Lose Them,4020.19,159,3.5,1115.17,41.4,47.0
INV-01286,2024-10-15,Product-1056,SKU-1056,Electronics,Standard,Premium,16,145.49,175.66,2188.17,1159.73,0.06,CUST-10076,Potential Loyalists,2139.7,39,5.8,388.33,17.1,58.5
INV-01287,2024-10-15,Product-1082,SKU-1082,Food & Beverage,Standard,Premium,36,23.49,27.74,820.27,475.76,0.03,CUST-10077,Loyal Customers,2676.92,30,3.2,615.1,6.4,88.0
INV-01288,2024-10-16,Product-1015,SKU-1015,Books,Premium,New Discovery,23,21.19,17.83,443.51,217.32,0.09,CUST-10078,Champions,7297.18,23,2.0,2702.66,7.9,91.8
INV-01289,2024-10-17,Product-1070,SKU-1070,Toys,Budget,Standard,4,33.94,33.62,133.04,59.87,0.02,CUST-10079,Loyal Customers,1764.1,35,3.4,436.01,13.9,69.5
INV-01290,2024-10-18,Product-1054,SKU-1054,Toys,Premium,Standard,16,38.14,35.26,579.73,295.66,0.05,CUST-10080,At Risk,1818.46,116,9.2,166.1,77.2,29.2
INV-01291,2024-10-18,Product-1001,SKU-1001,Clothing,Budget,Budget,17,59.39,47.61,959.15,565.9,0.05,CUST-10081,Hibernating,1145.47,186,17.1,59.28,88.9,22.1
INV-01292,2024-10-18,Product-1050,SKU-1050,Food & Beverage,Premium,Budget,17,23.49,26.94,379.36,204.85,0.05,CUST-10082,Potential Loyalists,1750.62,41,4.0,465.59,21.5,78.6
INV-01293,2024-10-18,Product-1085,SKU-1085,Beauty,Budget,Standard,13,46.34,50.36,602.42,379.52,0.0,CUST-10083,Loyal Customers,2177.24,19,2.2,970.25,12.3,85.4
INV-01294,2024-10-18,Product-1075,SKU-1075,Home & Garden,Premium,Premium,16,78.39,71.95,1153.9,738.5,0.08,CUST-10084,Loyal Customers,4032.99,57,3.2,1223.6,14.6,66.2
INV-01295,2024-10-18,Product-1118,SKU-1118,Toys,Premium,Standard,4,39.19,44.42,142.65,87.02,0.09,CUST-10085,At Risk,3901.18,161,10.2,341.49,78.2,49.1
INV-01296,2024-10-19,Product-1091,SKU-1091,Home & Garden,Standard,Premium,16,90.39,94.75,1431.78,758.84,0.01,CUST-10086,Loyal Customers,3833.57,17,4.5,734.4,12.7,69.8
INV-01297,2024-10-19,Product-1053,SKU-1053,Beauty,Budget,Budget,9,44.09,43.76,361.1,148.05,0.09,CUST-10087,Potential Loyalists,3936.38,20,6.6,473.35,33.0,66.3
INV-01298,2024-10-21,Product-1048,SKU-1048,Electronics,Standard,Premium,11,170.99,137.54,1768.04,954.74,0.06,CUST-10088,Loyal Customers,4912.49,22,4.6,1078.72,11.5,86.2
INV-01299,2024-10-22,Product-1016,SKU-1016,Electronics,Standard,Standard,13,128.99,107.56,1626.56,748.22,0.03,CUST-10089,Hibernating,571.84,314,9.0,50.03,89.0,15.7
INV-01300,2024-10-23,Product-1003,SKU-1003,Home & Garden,Standard,Premium,12,75.99,90.99,911.88,528.89,0.0,CUST-10090,Hibernating,2235.53,259,11.4,204.27,73.5,16.9
INV-01301,2024-10-23,Product-1111,SKU-1111,Books,Standard,Budget,30,18.39,22.19,535.15,326.44,0.03,CUST-10091,Loyal Customers,3804.43,51,4.3,826.87,24.0,88.5
INV-01302,2024-10-23,Product-1052,SKU-1052,Sports,Premium,Standard,1,98.99,103.5,96.02,60.49,0.03,CUST-10092,At Risk,3554.74,161,9.9,355.51,59.5,50.9
INV-01303,2024-10-23,Product-1029,SKU-1029,Beauty,Budget,Budget,18,44.54,52.36,777.67,419.94,0.03,CUST-10093,Can't Lose Them,2538.45,200,2.0,1175.21,65.4,59.4
INV-01304,2024-10-24,Product-1072,SKU-1072,Electronics,Standard,Standard,16,151.49,160.9,2326.89,1140.18,0.04,CUST-10094,At Risk,818.78,91,5.6,112.47,64.8,31.7
INV-01305,2024-10-26,Product-1052,SKU-1052,Sports,Standard,New Discovery,1,89.99,77.99,88.19,38.8,0.02,CUST-10095,Potential Loyalists,3647.43,37,5.4,711.0,38.9,63.7
INV-01306,2024-10-26,Product-1119,SKU-1119,Books,Premium,Premium,39,17.19,14.74,616.78,339.23,0.08,CUST-10096,Can't Lose Them,2451.53,244,1.6,1276.84,41.2,48.4
INV-01307,2024-10-27,Product-1115,SKU-1115,Home & Garden,Standard,Budget,12,85.59,80.34,1027.08,534.08,0.0,CUST-10097,Loyal Customers,2300.04,32,3.6,459.64,10.5,82.5
INV-01308,2024-10-28,Product-1110,SKU-1110,Toys,Standard,Premium,9,35.69,42.99,289.09,167.67,0.1,CUST-10098,Hibernating,2510.6,311,14.8,204.38,80.0,7.3
INV-01309,2024-10-29,Product-1088,SKU-1088,Electronics,Premium,New Discovery,8,170.99,198.05,1313.2,590.94,0.04,CUST-10099,Hibernating,1327.59,365,18.0,81.95,90.0,31.6
INV-01310,2024-10-30,Product-1113,SKU-1113,Clothing,Standard,Standard,16,55.79,66.24,812.3,463.01,0.09,CUST-10100,Hibernating,4000.07,360,17.6,177.56,92.0,10.6
INV-01311,2024-10-30,Product-1072,SKU-1072,Electronics,Budget,Premium,17,143.99,173.44,2203.05,991.37,0.1,CUST-10101,Hibernating,2075.79,221,6.4,233.34,92.3,28.8
INV-01312,2024-11-02,Product-1114,SKU-1114,Food & Beverage,Budget,New Discovery,25,26.99,24.14,641.01,294.86,0.05,CUST-10102,Champions,4643.71,23,1.7,2845.41,5.7,92.9
INV-01313,2024-11-04,Product-1072,SKU-1072,Electronics,Standard,New Discovery,20,127.49,116.31,2498.8,1499.28,0.02,CUST-10103,At Risk,5193.8,164,9.5,575.49,74.5,54.1
INV-01314,2024-11-04,Product-1053,SKU-1053,Beauty,Premium,Budget,23,49.94,42.26,1148.62,712.14,0.0,CUST-10104,Potential Loyalists,3142.57,24,5.0,766.48,30.2,78.3
INV-01315,2024-11-05,Product-1082,SKU-1082,Food & Beverage,Standard,Premium,11,27.99,32.22,292.5,125.77,0.05,CUST-10105,At Risk,2971.67,100,9.2,347.32,67.3,41.5
INV-01316,2024-11-05,Product-1048,SKU-1048,Electronics,Budget,Standard,25,170.99,204.82,4146.51,1741.53,0.03,CUST-10106,Can't Lose Them,5006.43,145,4.0,1490.01,40.2,45.1
INV-01317,2024-11-05,Product-1073,SKU-1073,Clothing,Budget,Budget,20,56.39,55.42,1093.97,536.05,0.03,CUST-10107,Potential Loyalists,2858.01,11,5.4,456.26,37.4,66.4
INV-01318,2024-11-06,Product-1046,SKU-1046,Toys,Standard,Standard,23,37.44,40.41,800.84,336.35,0.07,CUST-10108,Loyal Customers,5667.92,41,4.5,1234.84,12.3,80.2
INV-01319,2024-11-06,Product-1102,SKU-1102,Toys,Standard,Budget,2,30.44,26.47,58.44,32.73,0.04,CUST-10109,Champions,1883.53,20,3.0,532.07,1.4,88.3
INV-01320,2024-11-06,Product-1118,SKU-1118,Toys,Premium,Premium,2,36.39,44.34,68.41,36.26,0.06,CUST-10110,Loyal Customers,4034.98,39,4.2,906.33,19.6,67.9
INV-01321,2024-11-07,Product-1072,SKU-1072,Electronics,Budget,Standard,17,140.99,167.65,2324.93,1162.46,0.03,CUST-10111,Loyal Customers,4268.93,15,3.9,882.74,13.7,80.2
INV-01322,2024-11-07,Product-1090,SKU-1090,Food & Beverage,Standard,New Discovery,35,24.99,30.97,822.17,345.31,0.06,CUST-10112,Hibernating,5119.23,212,14.3,288.7,86.1,29.5
INV-01323,2024-11-07,Product-1049,SKU-1049,Clothing,Standard,Standard,12,68.99,80.36,786.49,401.11,0.05,CUST-10113,Hibernating,2759.58,357,23.2,104.34,88.6,6.2
INV-01324,2024-11-07,Product-1044,SKU-1044,Sports,Premium,Budget,13,86.39,103.38,1033.22,526.94,0.08,CUST-10114,Hibernating,1458.93,203,9.6,142.03,84.1,25.3
INV-01325,2024-11-08,Product-1016,SKU-1016,Electronics,Standard,Budget,13,158.99,128.97,2025.53,1134.3,0.02,CUST-10115,Loyal Customers,2896.97,25,3.2,1077.74,22.8,79.1
INV-01326,2024-11-09,Product-1108,SKU-1108,Sports,Premium,Budget,20,87.29,98.76,1658.51,696.57,0.05,CUST-10116,At Risk,2662.67,137,7.9,358.56,68.4,30.6
INV-01327,2024-11-09,Product-1109,SKU-1109,Beauty,Standard,Budget,15,47.69,45.28,693.89,326.13,0.03,CUST-10117,Loyal Customers,4922.26,17,3.4,1167.52,13.7,77.3
INV-01328,2024-11-09,Product-1080,SKU-1080,Electronics,Standard,Budget,17,133.49,162.71,2178.56,1023.92,0.04,CUST-10118,Loyal Customers,8235.77,19,4.9,1474.36,9.6,69.9
INV-01329,2024-11-09,Product-1057,SKU-1057,Clothing,Premium,Budget,2,67.79,78.7,130.16,65.08,0.04,CUST-10119,Potential Loyalists,2527.5,33,7.5,421.25,36.9,55.8
INV-01330,2024-11-11,Product-1055,SKU-1055,Books,Premium,Standard,60,18.59,22.1,1104.25,629.42,0.01,CUST-10120,At Risk,6549.87,98,10.1,495.04,70.9,31.6
INV-01331,2024-11-12,Product-1008,SKU-1008,Electronics,Standard,Premium,23,146.99,171.22,3144.12,1886.47,0.07,CUST-10121,Champions,1283.59,9,1.4,764.04,0.4,81.6
INV-01332,2024-11-13,Product-1084,SKU-1084,Sports,Budget,Budget,3,80.99,74.52,235.68,131.98,0.03,CUST-10122,Potential Loyalists,2576.49,25,3.9,742.29,15.6,73.0
INV-01333,2024-11-13,Product-1087,SKU-1087,Books,Premium,Premium,55,18.59,21.46,1002.0,571.14,0.02,CUST-10123,Champions,5679.22,13,1.9,2767.65,1.3,84.4
INV-01334,2024-11-13,Product-1116,SKU-1116,Sports,Standard,Premium,13,102.59,87.06,1320.33,845.01,0.01,CUST-10124,Hibernating,3656.86,317,23.5,152.56,84.4,6.2
INV-01335,2024-11-13,Product-1038,SKU-1038,Toys,Standard,Budget,22,39.54,47.15,869.88,495.83,0.0,CUST-10125,At Risk,6020.85,147,11.1,448.28,64.9,53.4
INV-01336,2024-11-13,Product-1113,SKU-1113,Clothing,Standard,Budget,16,64.79,76.86,953.71,448.24,0.08,CUST-10126,At Risk,3973.61,64,8.0,551.89,76.8,36.0
INV-01337,2024-11-14,Product-1119,SKU-1119,Books,Standard,Premium,16,20.39,18.35,322.98,184.1,0.01,CUST-10127,Potential Loyalists,2394.9,38,7.0,257.24,26.4,75.2
INV-01338,2024-11-15,Product-1064,SKU-1064,Electronics,Premium,Standard,20,133.49,155.84,2536.31,1394.97,0.05,CUST-10128,Loyal Customers,4334.45,37,4.0,1152.78,10.8,85.2
INV-01339,2024-11-16,Product-1107,SKU-1107,Home & Garden,Standard,Premium,5,83.19,83.78,378.51,246.03,0.09,CUST-10129,Potential Loyalists,3856.42,27,7.5,424.95,21.0,74.8
INV-01340,2024-11-16,Product-1012,SKU-1012,Sports,Standard,Standard,11,99.89,93.63,1054.84,675.1,0.04,CUST-10130,Hibernating,790.77,235,9.9,74.65,78.6,18.9
INV-01341,2024-11-16,Product-1106,SKU-1106,Food & Beverage,Standard,Standard,60,23.99,27.78,1338.64,829.96,0.07,CUST-10131,Loyal Customers,4802.29,57,3.0,1345.18,10.1,84.6
INV-01342,2024-11-16,Product-1039,SKU-1039,Books,Premium,Premium,20,22.59,20.39,424.69,191.11,0.06,CUST-10132,Potential Loyalists,3400.44,29,4.4,560.02,32.2,68.1
INV-01343,2024-11-17,Product-1081,SKU-1081,Clothing,Standard,Standard,15,60.59,49.12,881.58,537.76,0.03,CUST-10133,At Risk,3096.74,120,11.0,223.43,50.0,42.7
INV-01344,2024-11-18,Product-1035,SKU-1035,Home & Garden,Standard,Standard,10,71.99,63.85,676.71,406.03,0.06,CUST-10134,Loyal Customers,1120.13,44,2.5,407.32,14.4,67.2
INV-01345,2024-11-18,Product-1037,SKU-1037,Beauty,Standard,Standard,2,49.94,47.33,99.88,57.93,0.0,CUST-10135,Champions,1910.23,20,1.1,1736.57,3.8,88.4
INV-01346,2024-11-19,Product-1047,SKU-1047,Books,Standard,Budget,47,20.79,24.72,908.73,427.1,0.07,CUST-10136,Potential Loyalists,2536.88,23,6.5,293.45,19.2,77.4
INV-01347,2024-11-19,Product-1018,SKU-1018,Food & Beverage,Standard,Premium,11,28.24,34.88,285.79,157.18,0.08,CUST-10137,Loyal Customers,2200.18,34,2.9,621.87,16.5,84.5
INV-01348,2024-11-19,Product-1007,SKU-1007,Books,Budget,Budget,1,19.99,18.5,19.59,8.62,0.02,CUST-10138,Potential Loyalists,1828.94,30,3.2,705.61,26.5,63.3
INV-01349,2024-11-20,Product-1079,SKU-1079,Books,Budget,Premium,10,22.59,24.59,212.35,129.53,0.06,CUST-10139,Loyal Customers,3666.19,40,2.9,1159.82,14.4,70.8
INV-01350,2024-11-21,Product-1062,SKU-1062,Toys,Premium,New Discovery,20,36.04,35.31,641.51,346.42,0.11,CUST-10140,Loyal Customers,2328.9,15,2.8,660.12,10.5,66.7
INV-01351,2024-11-21,Product-1038,SKU-1038,Toys,Premium,New Discovery,6,38.14,47.35,194.51,93.36,0.15,CUST-10141,Potential Loyalists,3723.83,25,4.3,773.22,25.0,61.6
INV-01352,2024-11-21,Product-1112,SKU-1112,Electronics,Premium,Premium,22,164.99,171.8,3448.29,1413.8,0.05,CUST-10142,Loyal Customers,1618.84,52,2.5,588.67,7.8,72.6
INV-01353,2024-11-22,Product-1009,SKU-1009,Clothing,Budget,Standard,15,50.99,62.34,749.55,329.8,0.02,CUST-10143,Champions,5574.47,18,2.9,1701.09,1.8,88.2
INV-01354,2024-11-22,Product-1054,SKU-1054,Toys,Standard,Standard,7,38.49,32.79,266.74,144.04,0.01,CUST-10144,Can't Lose Them,10416.35,186,4.7,1666.35,41.2,46.1
INV-01355,2024-11-24,Product-1112,SKU-1112,Electronics,Premium,Budget,10,128.99,159.52,1160.91,475.97,0.1,CUST-10145,Hibernating,1346.11,307,6.0,196.8,87.5,11.0
INV-01356,2024-11-24,Product-1049,SKU-1049,Clothing,Standard,Standard,6,56.39,49.64,324.81,175.4,0.04,CUST-10146,Can't Lose Them,3632.4,96,3.5,798.33,65.4,59.9
INV-01357,2024-11-24,Product-1075,SKU-1075,Home & Garden,Premium,Premium,15,91.19,112.45,1272.1,775.98,0.07,CUST-10147,Loyal Customers,1535.84,39,2.5,468.96,16.4,81.5
INV-01358,2024-11-26,Product-1069,SKU-1069,Beauty,Standard,Budget,7,43.64,40.13,302.43,127.02,0.01,CUST-10148,At Risk,2343.75,74,4.3,394.97,76.5,30.4
INV-01359,2024-11-28,Product-1054,SKU-1054,Toys,Standard,Standard,3,38.14,32.37,107.55,66.68,0.06,CUST-10149,Potential Loyalists,2041.84,45,3.7,510.97,28.8,63.8
INV-01360,2024-11-28,Product-1096,SKU-1096,Electronics,Premium,Standard,20,167.99,167.24,3225.41,1354.67,0.04,CUST-10150,Potential Loyalists,1491.02,30,7.1,238.64,35.0,66.7
INV-01361,2024-11-28,Product-1100,SKU-1100,Sports,Standard,New Discovery,6,77.39,87.28,399.33,235.6,0.14,CUST-10151,Can't Lose Them,9387.36,226,5.3,1440.0,63.6,32.5
INV-01362,2024-11-29,Product-1051,SKU-1051,Home & Garden,Standard,Standard,16,90.39,85.07,1330.54,665.27,0.08,CUST-10152,At Risk,1770.72,174,8.0,189.18,60.2,29.9
INV-01363,2024-11-29,Product-1081,SKU-1081,Clothing,Budget,New Discovery,8,55.19,59.21,397.37,226.5,0.1,CUST-10153,Potential Loyalists,2534.55,35,6.2,335.08,36.2,75.8
INV-01364,2024-11-29,Product-1022,SKU-1022,Toys,Standard,Premium,7,32.89,33.88,227.93,118.52,0.01,CUST-10154,Potential Loyalists,3711.72,11,6.7,651.75,28.2,60.0
INV-01365,2024-11-30,Product-1053,SKU-1053,Beauty,Standard,Standard,2,45.44,44.23,85.43,52.97,0.06,CUST-10155,Potential Loyalists,1152.55,23,4.5,261.35,36.1,71.8
INV-01366,2024-11-30,Product-1066,SKU-1066,Food & Beverage,Standard,Standard,3,27.74,29.39,77.39,49.53,0.07,CUST-10156,At Risk,4507.5,173,6.6,550.77,52.6,41.8
INV-01367,2024-12-01,Product-1072,SKU-1072,Electronics,Premium,Premium,4,134.99,123.47,512.96,230.83,0.05,CUST-10157,Loyal Customers,1956.85,25,2.2,988.31,9.5,85.2
INV-01368,2024-12-01,Product-1054,SKU-1054,Toys,Budget,Standard,19,36.04,40.33,643.67,334.71,0.06,CUST-10158,Champions,3154.01,6,2.0,1609.19,3.0,95.3
INV-01369,2024-12-01,Product-1002,SKU-1002,Food & Beverage,Standard,New Discovery,36,25.24,20.21,826.86,446.5,0.09,CUST-10159,At Risk,4924.14,167,9.1,487.49,50.9,53.7
INV-01370,2024-12-03,Product-1108,SKU-1108,Sports,Budget,Standard,5,86.39,105.09,393.07,231.91,0.09,CUST-10160,Loyal Customers,1683.5,51,3.7,561.73,12.4,70.2
INV-01371,2024-12-03,Product-1031,SKU-1031,Books,Budget,Premium,11,19.59,20.42,213.34,91.74,0.01,CUST-10161,Potential Loyalists,1762.87,39,5.5,286.18,33.0,76.8
INV-01372,2024-12-06,Product-1088,SKU-1088,Electronics,Standard,Standard,2,155.99,175.29,299.5,173.71,0.04,CUST-10162,Loyal Customers,5471.7,40,3.7,1222.18,20.7,88.6
INV-01373,2024-12-10,Product-1086,SKU-1086,Toys,Premium,New Discovery,8,37.09,42.06,243.31,121.66,0.18,CUST-10163,Loyal Customers,2342.41,33,4.1,582.98,14.8,68.0
INV-01374,2024-12-11,Product-1044,SKU-1044,Sports,Standard,Premium,21,100.79,111.05,1926.1,770.44,0.09,CUST-10164,Hibernating,4778.09,234,24.0,203.15,90.2,11.1
INV-01375,2024-12-11,Product-1109,SKU-1109,Beauty,Premium,New Discovery,15,49.94,48.14,734.12,374.4,0.02,CUST-10165,Loyal Customers,3717.5,56,3.3,1033.5,13.9,80.4
INV-01376,2024-12-12,Product-1052,SKU-1052,Sports,Budget,Budget,23,92.69,77.07,2003.96,1082.14,0.06,CUST-10166,Loyal Customers,3585.09,19,3.6,1214.46,15.4,85.7
INV-01377,2024-12-13,Product-1048,SKU-1048,Electronics,Budget,New Discovery,28,145.49,159.88,3340.45,1703.63,0.18,CUST-10167,Potential Loyalists,3256.28,24,6.2,617.89,32.7,59.8
INV-01378,2024-12-13,Product-1047,SKU-1047,Books,Premium,Standard,56,18.59,17.63,999.4,599.64,0.04,CUST-10168,Hibernating,3472.67,220,19.4,184.54,87.7,17.4
INV-01379,2024-12-13,Product-1055,SKU-1055,Books,Premium,Standard,14,17.59,16.56,238.87,105.1,0.03,CUST-10169,At Risk,3326.64,80,5.6,550.04,60.7,46.3
INV-01380,2024-12-14,Product-1027,SKU-1027,Home & Garden,Budget,Standard,4,79.99,94.52,313.56,194.41,0.02,CUST-10170,Champions,4309.93,17,1.2,2640.89,0.4,83.8
INV-01381,2024-12-15,Product-1104,SKU-1104,Electronics,Premium,New Discovery,14,142.49,160.14,1974.91,868.96,0.01,CUST-10171,Loyal Customers,2522.34,35,4.1,741.21,14.0,87.3
INV-01382,2024-12-17,Product-1088,SKU-1088,Electronics,Standard,New Discovery,7,146.99,137.46,1018.64,438.02,0.01,CUST-10172,Potential Loyalists,1752.21,25,3.6,386.29,28.1,61.5
INV-01383,2024-12-17,Product-1046,SKU-1046,Toys,Standard,Budget,16,36.04,33.85,524.74,230.89,0.09,CUST-10173,Hibernating,2947.64,302,12.4,181.46,86.0,22.8
INV-01384,2024-12-19,Product-1080,SKU-1080,Electronics,Budget,New Discovery,4,143.99,141.65,472.29,283.37,0.18,CUST-10174,Hibernating,2526.49,364,13.6,213.53,90.7,7.7
INV-01385,2024-12-19,Product-1044,SKU-1044,Sports,Budget,Standard,15,79.19,77.69,1104.7,497.12,0.07,CUST-10175,Potential Loyalists,4138.04,16,4.8,783.72,38.1,63.7
INV-01386,2024-12-20,Product-1073,SKU-1073,Clothing,Standard,Budget,21,52.79,49.26,1042.07,458.51,0.06,CUST-10176,Loyal Customers,3904.75,33,4.9,813.15,20.1,75.2
INV-01387,2024-12-22,Product-1025,SKU-1025,Clothing,Premium,Premium,1,55.19,47.31,50.22,32.64,0.09,CUST-10177,Potential Loyalists,2257.89,20,3.6,774.31,39.9,68.4
INV-01388,2024-12-23,Product-1018,SKU-1018,Food & Beverage,Standard,Standard,40,27.99,27.69,1030.03,484.11,0.08,CUST-10178,At Risk,3188.82,96,11.8,252.56,75.0,41.7
INV-01389,2024-12-24,Product-1056,SKU-1056,Electronics,Budget,Standard,11,164.99,201.81,1651.55,1023.96,0.09,CUST-10179,At Risk,2461.95,110,9.2,294.07,63.1,50.9
INV-01390,2024-12-25,Product-1095,SKU-1095,Books,Standard,Standard,25,17.59,19.43,426.56,255.94,0.03,CUST-10180,Hibernating,647.84,303,7.9,76.64,89.5,10.4
INV-01391,2024-12-27,Product-1119,SKU-1119,Books,Premium,Standard,57,20.19,24.35,1058.76,487.03,0.08,CUST-10181,At Risk,1304.86,124,6.0,178.26,71.8,33.0
INV-01392,2024-12-30,Product-1066,SKU-1066,Food & Beverage,Standard,Standard,29,23.99,25.84,653.97,307.37,0.06,CUST-10182,Hibernating,2555.75,283,15.2,138.96,94.5,30.3
INV-01393,2024-12-31,Product-1046,SKU-1046,Toys,Standard,Premium,26,40.24,37.64,1025.32,440.89,0.02,CUST-10183,Loyal Customers,2012.95,30,2.9,550.89,24.6,83.3
INV-01394,2024-12-31,Product-1020,SKU-1020,Sports,Premium,Standard,18,81.89,85.7,1474.02,619.09,0.0,CUST-10184,Champions,2898.84,1,1.7,1244.67,2.2,88.6
INV-01395,2024-12-31,Product-1013,SKU-1013,Beauty,Standard,Budget,2,43.64,34.92,80.3,37.74,0.08,CUST-10185,Hibernating,4104.2,321,12.2,287.53,73.0,19.0
INV-01396,2025-01-01,Product-1093,SKU-1093,Beauty,Premium,Premium,9,46.34,43.06,375.35,176.41,0.1,CUST-10186,Can't Lose Them,2607.65,161,3.4,871.54,47.6,46.1
INV-01397,2025-01-01,Product-1057,SKU-1057,Clothing,Premium,New Discovery,11,65.99,65.56,718.63,352.13,0.01,CUST-10187,Loyal Customers,1445.69,49,2.8,469.38,6.7,85.3
INV-01398,2025-01-01,Product-1013,SKU-1013,Beauty,Premium,Premium,13,40.94,43.44,494.96,282.13,0.07,CUST-10188,At Risk,4518.62,84,8.6,441.53,73.5,31.1
INV-01399,2025-01-01,Product-1069,SKU-1069,Beauty,Standard,Premium,6,42.74,46.78,235.92,132.12,0.08,CUST-10189,Loyal Customers,2843.19,22,2.4,1139.1,21.8,85.9
INV-01400,2025-01-01,Product-1023,SKU-1023,Books,Budget,New Discovery,19,22.59,22.8,382.0,198.64,0.11,CUST-10190,Loyal Customers,2514.2,26,3.4,539.76,10.8,74.7
INV-01401,2025-01-01,Product-1057,SKU-1057,Clothing,Standard,New Discovery,12,60.59,60.53,639.83,396.69,0.12,CUST-10191,Champions,3036.17,11,1.4,1869.56,12.9,89.0
INV-01402,2025-01-02,Product-1090,SKU-1090,Food & Beverage,Standard,Standard,4,24.49,21.95,93.06,58.63,0.05,CUST-10192,Potential Loyalists,5088.2,26,7.6,515.0,30.5,72.8
INV-01403,2025-01-03,Product-1079,SKU-1079,Books,Premium,Premium,1,22.79,23.08,20.74,9.54,0.09,CUST-10193,Loyal Customers,3647.69,23,4.3,637.82,11.7,74.0
INV-01404,2025-01-03,Product-1091,SKU-1091,Home & Garden,Premium,Standard,7,72.79,87.75,489.15,264.14,0.04,CUST-10194,At Risk,1582.45,146,5.7,250.11,78.5,26.9
INV-01405,2025-01-04,Product-1044,SKU-1044,Sports,Budget,Standard,10,85.49,99.02,854.9,418.9,0.0,CUST-10195,Champions,4227.63,9,2.2,2402.06,0.2,84.6
INV-01406,2025-01-04,Product-1043,SKU-1043,Home & Garden,Budget,Budget,8,87.19,76.41,655.67,275.38,0.06,CUST-10196,Loyal Customers,3904.83,37,2.8,1143.1,13.8,72.8
INV-01407,2025-01-05,Product-1027,SKU-1027,Home & Garden,Premium,Budget,3,72.79,61.01,209.64,132.07,0.04,CUST-10197,Loyal Customers,6030.16,35,4.8,1055.7,17.6,80.6
INV-01408,2025-01-06,Product-1067,SKU-1067,Home & Garden,Budget,Standard,14,86.39,89.15,1148.99,471.09,0.05,CUST-10198,Hibernating,4376.32,297,18.1,246.72,76.1,22.5
INV-01409,2025-01-06,Product-1046,SKU-1046,Toys,Budget,Premium,5,39.89,43.27,181.5,105.27,0.09,CUST-10199,Potential Loyalists,1607.01,21,7.1,260.16,34.5,71.2
INV-01410,2025-01-06,Product-1023,SKU-1023,Books,Standard,Premium,31,21.99,20.91,668.06,374.11,0.02,CUST-10200,Hibernating,2869.67,294,15.9,214.86,89.2,17.8
INV-01411,2025-01-07,Product-1079,SKU-1079,Books,Standard,Budget,35,19.39,22.65,631.14,403.93,0.07,CUST-10201,Loyal Customers,2516.04,25,4.5,665.62,7.9,89.8
INV-01412,2025-01-07,Product-1047,SKU-1047,Books,Standard,Standard,22,22.19,25.25,468.65,201.52,0.04,CUST-10202,Potential Loyalists,2209.78,15,5.4,349.76,37.5,56.2
INV-01413,2025-01-07,Product-1034,SKU-1034,Food & Beverage,Standard,New Discovery,11,24.99,27.56,263.89,145.14,0.04,CUST-10203,Potential Loyalists,2246.34,41,7.1,390.6,22.4,57.5
INV-01414,2025-01-08,Product-1021,SKU-1021,Beauty,Budget,Standard,7,47.69,42.97,327.15,134.13,0.02,CUST-10204,Champions,2902.13,2,1.7,1580.68,4.5,93.3
INV-01415,2025-01-09,Product-1013,SKU-1013,Beauty,Premium,Budget,12,41.39,36.82,447.01,178.8,0.1,CUST-10205,Loyal Customers,6951.37,16,4.5,1379.24,23.8,73.9
INV-01416,2025-01-09,Product-1058,SKU-1058,Food & Beverage,Standard,Premium,41,24.99,20.27,963.11,443.03,0.06,CUST-10206,Hibernating,1950.23,269,10.1,180.46,73.4,15.0
INV-01417,2025-01-10,Product-1091,SKU-1091,Home & Garden,Standard,Standard,4,69.59,63.34,264.44,113.71,0.05,CUST-10207,Loyal Customers,4489.94,50,2.6,1381.52,20.6,71.4
INV-01418,2025-01-10,Product-1027,SKU-1027,Home & Garden,Standard,Standard,2,83.19,84.34,151.41,95.39,0.09,CUST-10208,Potential Loyalists,4810.0,22,6.6,792.16,39.1,75.0
INV-01419,2025-01-10,Product-1028,SKU-1028,Sports,Budget,Budget,9,98.99,117.04,864.18,406.16,0.03,CUST-10209,At Risk,1321.03,67,7.3,163.03,75.2,25.9
INV-01420,2025-01-11,Product-1088,SKU-1088,Electronics,Standard,Standard,3,161.99,134.9,442.23,256.49,0.09,CUST-10210,Hibernating,807.82,227,8.7,70.88,86.0,22.9
INV-01421,2025-01-12,Product-1097,SKU-1097,Clothing,Budget,Standard,10,61.19,60.36,562.95,225.18,0.08,CUST-10001,Loyal Customers,2751.14,23,4.9,460.21,22.5,83.7
INV-01422,2025-01-14,Product-1071,SKU-1071,Books,Standard,Premium,28,19.59,21.22,510.12,219.35,0.07,CUST-10002,Champions,6261.73,18,2.7,2493.72,1.6,88.7
INV-01423,2025-01-15,Product-1114,SKU-1114,Food & Beverage,Standard,Premium,12,25.24,22.4,296.82,169.19,0.02,CUST-10003,Loyal Customers,2692.39,60,2.5,970.23,24.4,85.7
INV-01424,2025-01-16,Product-1030,SKU-1030,Toys,Standard,Standard,12,38.49,42.85,424.93,191.22,0.08,CUST-10004,Hibernating,2119.67,208,12.6,189.02,71.0,14.5
INV-01425,2025-01-18,Product-1081,SKU-1081,Clothing,Standard,Budget,2,65.39,66.86,121.63,76.63,0.07,CUST-10005,Potential Loyalists,1123.23,19,5.9,226.64,33.2,71.7
INV-01426,2025-01-19,Product-1020,SKU-1020,Sports,Premium,Budget,1,89.09,81.05,85.53,45.33,0.04,CUST-10006,Potential Loyalists,4390.39,11,7.1,448.09,24.4,69.8
INV-01427,2025-01-19,Product-1061,SKU-1061,Beauty,Standard,Standard,16,38.24,41.88,605.72,248.35,0.01,CUST-10007,Can't Lose Them,3295.99,90,1.4,1961.9,58.2,45.3
INV-01428,2025-01-20,Product-1080,SKU-1080,Electronics,Budget,Standard,9,158.99,127.59,1359.36,543.74,0.05,CUST-10008,At Risk,1178.13,121,5.3,200.26,61.7,47.6
INV-01429,2025-01-20,Product-1093,SKU-1093,Beauty,Standard,Standard,17,42.29,48.12,704.55,387.5,0.02,CUST-10009,Can't Lose Them,1242.25,260,1.4,1069.06,41.3,39.7
INV-01430,2025-01-21,Product-1002,SKU-1002,Food & Beverage,Standard,Premium,33,26.74,30.66,829.47,514.27,0.06,CUST-10010,Loyal Customers,1672.21,30,4.1,474.25,8.7,77.7
INV-01431,2025-01-22,Product-1041,SKU-1041,Clothing,Standard,Standard,3,57.59,48.83,165.86,79.61,0.04,CUST-10011,Can't Lose Them,4456.18,203,4.7,1102.47,63.0,56.5
INV-01432,2025-01-23,Product-1001,SKU-1001,Clothing,Budget,Standard,10,63.59,63.04,578.67,260.4,0.09,CUST-10012,Loyal Customers,801.92,15,2.5,320.77,19.0,89.9
INV-01433,2025-01-26,Product-1064,SKU-1064,Electronics,Budget,Standard,1,131.99,116.04,118.79,74.84,0.1,CUST-10013,At Risk,699.39,120,4.8,173.46,65.0,44.1
INV-01434,2025-01-26,Product-1040,SKU-1040,Electronics,Premium,Standard,4,140.99,173.57,535.76,305.38,0.05,CUST-10014,At Risk,2452.41,161,8.1,332.71,78.9,52.6
INV-01435,2025-01-26,Product-1019,SKU-1019,Home & Garden,Standard,Premium,10,75.99,78.5,706.71,360.42,0.07,CUST-10015,Potential Loyalists,778.88,42,3.3,198.34,23.9,78.7
INV-01436,2025-01-27,Product-1037,SKU-1037,Beauty,Standard,Standard,5,40.49,33.31,200.43,124.27,0.01,CUST-10016,Loyal Customers,1909.4,32,2.5,720.53,22.6,87.8
INV-01437,2025-01-28,Product-1012,SKU-1012,Sports,Standard,New Discovery,9,99.89,91.11,728.2,327.69,0.19,CUST-10017,Hibernating,3007.99,350,10.9,222.55,73.4,28.1
INV-01438,2025-01-28,Product-1069,SKU-1069,Beauty,Standard,Budget,5,49.04,57.95,245.2,117.7,0.0,CUST-10018,Champions,4339.01,20,1.3,2648.97,3.0,97.2
INV-01439,2025-01-29,Product-1103,SKU-1103,Books,Standard,Premium,10,19.59,19.7,195.9,127.34,0.0,CUST-10019,Loyal Customers,3366.14,16,3.3,1133.38,23.9,77.5
INV-01440,2025-01-29,Product-1047,SKU-1047,Books,Budget,Premium,15,17.39,20.18,250.42,147.75,0.04,CUST-10020,Hibernating,1207.74,272,12.2,76.15,88.5,30.7
INV-01441,2025-01-31,Product-1111,SKU-1111,Books,Budget,New Discovery,2,17.19,18.92,33.69,15.16,0.02,CUST-10021,Potential Loyalists,6363.46,31,6.9,720.5,15.9,61.9
INV-01442,2025-02-01,Product-1037,SKU-1037,Beauty,Premium,Standard,6,40.49,50.39,228.36,116.46,0.06,CUST-10022,Loyal Customers,5455.08,24,4.9,935.53,10.3,65.2
INV-01443,2025-02-02,Product-1067,SKU-1067,Home & Garden,Premium,New Discovery,2,85.59,91.41,145.5,80.03,0.15,CUST-10023,Hibernating,5119.47,208,15.2,285.43,81.5,32.8
INV-01444,2025-02-02,Product-1037,SKU-1037,Beauty,Standard,Budget,8,41.39,50.81,307.94,184.76,0.07,CUST-10024,Can't Lose Them,6631.17,122,5.1,970.32,66.9,59.8
INV-01445,2025-02-02,Product-1030,SKU-1030,Toys,Budget,New Discovery,6,31.84,38.24,166.2,83.1,0.13,CUST-10025,Can't Lose Them,2125.38,168,1.5,1336.72,57.7,43.2
INV-01446,2025-02-04,Product-1047,SKU-1047,Books,Budget,Budget,8,20.39,21.93,158.23,87.03,0.03,CUST-10026,Potential Loyalists,4361.18,34,7.9,520.8,17.4,64.1
INV-01447,2025-02-04,Product-1095,SKU-1095,Books,Budget,New Discovery,33,18.19,20.44,564.25,259.56,0.06,CUST-10027,Hibernating,1634.62,319,21.0,89.47,90.1,7.5
INV-01448,2025-02-05,Product-1017,SKU-1017,Clothing,Standard,Standard,15,65.99,67.78,940.36,517.2,0.05,CUST-10028,At Risk,2480.03,177,9.6,191.36,67.1,53.9
INV-01449,2025-02-05,Product-1005,SKU-1005,Beauty,Budget,Premium,16,43.64,51.22,635.4,279.58,0.09,CUST-10029,Loyal Customers,1989.33,51,3.0,566.76,11.2,86.2
INV-01450,2025-02-06,Product-1077,SKU-1077,Beauty,Standard,Standard,9,41.84,43.79,372.79,182.67,0.01,CUST-10030,Loyal Customers,3564.03,54,4.9,563.84,19.4,71.8
INV-01451,2025-02-06,Product-1054,SKU-1054,Toys,Premium,Premium,4,30.79,37.06,120.7,66.39,0.02,CUST-10031,Potential Loyalists,2400.09,18,3.8,493.44,34.5,69.3
INV-01452,2025-02-06,Product-1069,SKU-1069,Beauty,Premium,Budget,5,44.99,51.05,204.7,124.87,0.09,CUST-10032,Hibernating,1414.86,200,8.0,160.78,79.6,26.5
INV-01453,2025-02-06,Product-1020,SKU-1020,Sports,Standard,Premium,15,87.29,88.48,1217.7,742.8,0.07,CUST-10033,Loyal Customers,5740.92,28,3.0,1428.09,15.2,70.4
INV-01454,2025-02-09,Product-1033,SKU-1033,Clothing,Premium,Budget,8,56.39,51.69,428.56,235.71,0.05,CUST-10034,Loyal Customers,1258.06,23,3.1,324.66,19.2,82.7
INV-01455,2025-02-10,Product-1040,SKU-1040,Electronics,Standard,Standard,12,139.49,127.11,1606.92,658.84,0.04,CUST-10035,Loyal Customers,2212.19,34,3.0,599.51,15.8,78.8
INV-01456,2025-02-11,Product-1065,SKU-1065,Clothing,Premium,New Discovery,5,57.59,62.6,253.4,141.9,0.12,CUST-10036,Loyal Customers,3027.04,40,2.3,1277.77,23.1,70.3
INV-01457,2025-02-11,Product-1079,SKU-1079,Books,Standard,New Discovery,34,17.79,20.36,526.23,299.95,0.13,CUST-10037,Loyal Customers,2819.01,23,2.4,889.84,18.6,85.0
INV-01458,2025-02-11,Product-1033,SKU-1033,Clothing,Premium,Budget,7,51.59,53.37,346.68,201.07,0.04,CUST-10038,Can't Lose Them,2245.15,170,1.6,1071.16,46.8,45.5
INV-01459,2025-02-11,Product-1109,SKU-1109,Beauty,Premium,Premium,2,51.29,55.5,95.4,56.29,0.07,CUST-10039,Hibernating,403.85,362,6.2,63.24,94.4,14.1
INV-01460,2025-02-14,Product-1007,SKU-1007,Books,Budget,Budget,34,17.79,16.43,574.62,344.77,0.05,CUST-10040,At Risk,2309.72,104,6.4,277.61,50.9,34.7
INV-01461,2025-02-14,Product-1050,SKU-1050,Food & Beverage,Standard,Budget,22,27.99,23.37,560.36,296.99,0.09,CUST-10041,Can't Lose Them,5262.65,91,5.8,898.37,42.4,36.9
INV-01462,2025-02-14,Product-1041,SKU-1041,Clothing,Standard,Budget,5,65.99,61.28,306.85,190.25,0.07,CUST-10042,Hibernating,863.83,185,9.0,81.34,78.2,20.4
INV-01463,2025-02-15,Product-1094,SKU-1094,Toys,Standard,Premium,15,30.09,27.75,424.27,246.08,0.06,CUST-10043,Loyal Customers,1717.66,55,2.8,674.12,23.0,89.8
INV-01464,2025-02-16,Product-1036,SKU-1036,Sports,Premium,Standard,12,96.29,90.89,1155.48,519.97,0.0,CUST-10044,Champions,3739.87,30,2.2,1574.02,6.7,83.5
INV-01465,2025-02-18,Product-1046,SKU-1046,Toys,Budget,Standard,12,31.49,32.85,347.65,156.44,0.08,CUST-10045,Loyal Customers,1678.27,16,3.7,346.25,17.9,74.5
INV-01466,2025-02-19,Product-1076,SKU-1076,Sports,Standard,Budget,8,95.39,82.25,709.7,461.31,0.07,CUST-10046,Can't Lose Them,3041.78,255,3.6,1018.0,57.3,50.1
INV-01467,2025-02-20,Product-1105,SKU-1105,Clothing,Budget,Premium,4,51.59,46.64,193.98,118.33,0.06,CUST-10047,Loyal Customers,2573.95,56,2.2,1135.9,12.7,80.5
INV-01468,2025-02-20,Product-1003,SKU-1003,Home & Garden,Budget,Premium,8,86.39,96.09,677.3,298.01,0.02,CUST-10048,Hibernating,925.23,189,6.5,103.9,77.2,16.8
INV-01469,2025-02-21,Product-1096,SKU-1096,Electronics,Premium,Budget,16,170.99,191.15,2599.05,1533.44,0.05,CUST-10049,Champions,3379.49,4,1.6,2247.0,0.9,87.8
INV-01470,2025-02-22,Product-1095,SKU-1095,Books,Premium,New Discovery,39,19.39,16.07,635.22,304.91,0.16,CUST-10050,Hibernating,3392.74,180,16.2,175.99,79.4,26.5
INV-01471,2025-02-24,Product-1022,SKU-1022,Toys,Budget,Premium,4,31.14,30.62,113.35,69.14,0.09,CUST-10051,Hibernating,1613.58,216,8.5,162.25,81.8,25.8
INV-01472,2025-02-28,Product-1020,SKU-1020,Sports,Standard,Standard,1,84.59,88.33,82.05,45.95,0.03,CUST-10052,Potential Loyalists,1220.67,28,3.7,299.92,27.6,64.9
INV-01473,2025-02-28,Product-1041,SKU-1041,Clothing,Standard,Standard,16,54.59,53.89,855.97,376.63,0.02,CUST-10053,Champions,2215.13,28,1.2,1605.17,4.0,92.3
INV-01474,2025-03-01,Product-1009,SKU-1009,Clothing,Standard,New Discovery,14,68.39,61.08,832.99,341.53,0.13,CUST-10054,Hibernating,4914.95,354,20.2,248.28,86.0,9.7
INV-01475,2025-03-01,Product-1109,SKU-1109,Beauty,Standard,New Discovery,16,49.94,49.39,759.09,341.59,0.05,CUST-10055,Potential Loyalists,1754.1,20,4.2,390.32,29.8,70.5
INV-01476,2025-03-01,Product-1010,SKU-1010,Food & Beverage,Budget,Standard,33,22.74,27.45,735.41,301.52,0.02,CUST-10056,Potential Loyalists,3786.89,40,5.3,567.07,28.4,69.2
INV-01477,2025-03-02,Product-1028,SKU-1028,Sports,Standard,Standard,5,98.09,104.25,441.41,273.67,0.1,CUST-10057,Can't Lose Them,6783.88,230,2.6,1932.73,56.5,36.0
INV-01478,2025-03-02,Product-1084,SKU-1084,Sports,Premium,Standard,18,84.59,94.15,1522.62,730.86,0.0,CUST-10058,Loyal Customers,5083.02,44,4.2,1273.94,15.5,88.3
INV-01479,2025-03-03,Product-1024,SKU-1024,Electronics,Budget,Budget,6,151.49,179.6,845.31,464.92,0.07,CUST-10059,Loyal Customers,2745.96,17,3.8,729.92,19.0,74.5
INV-01480,2025-03-05,Product-1065,SKU-1065,Clothing,Budget,Premium,7,53.99,61.79,359.03,222.6,0.05,CUST-10060,Champions,5454.16,23,1.8,2261.26,2.5,81.8
INV-01481,2025-03-07,Product-1074,SKU-1074,Food & Beverage,Budget,New Discovery,36,24.49,23.78,775.84,426.71,0.12,CUST-10061,Can't Lose Them,8311.24,134,6.0,1489.47,66.8,43.3
INV-01482,2025-03-08,Product-1046,SKU-1046,Toys,Standard,Standard,18,34.99,28.08,573.14,263.64,0.09,CUST-10062,Champions,3508.54,25,1.9,1943.79,10.3,80.2
INV-01483,2025-03-09,Product-1040,SKU-1040,Electronics,Standard,Standard,1,170.99,163.86,155.6,96.47,0.09,CUST-10063,Potential Loyalists,3923.46,38,6.2,461.91,16.1,69.4
INV-01484,2025-03-10,Product-1047,SKU-1047,Books,Premium,Standard,42,21.59,24.59,870.51,383.02,0.04,CUST-10064,Potential Loyalists,2073.72,14,7.9,252.4,21.2,64.4
INV-01485,2025-03-11,Product-1042,SKU-1042,Food & Beverage,Standard,Standard,22,26.49,31.37,576.95,230.78,0.01,CUST-10065,Potential Loyalists,5725.94,12,7.5,755.9,38.1,60.9
INV-01486,2025-03-12,Product-1076,SKU-1076,Sports,Standard,Premium,9,96.29,118.34,788.62,410.08,0.09,CUST-10066,Loyal Customers,2653.43,40,3.5,924.54,16.0,71.3
INV-01487,2025-03-13,Product-1096,SKU-1096,Electronics,Standard,New Discovery,16,155.99,154.21,2271.21,1430.86,0.09,CUST-10067,Hibernating,1382.82,273,8.6,191.42,81.2,16.0
INV-01488,2025-03-14,Product-1050,SKU-1050,Food & Beverage,Premium,New Discovery,13,25.99,29.53,297.33,133.8,0.12,CUST-10068,Loyal Customers,4752.46,56,3.9,1107.8,11.9,81.6
INV-01489,2025-03-14,Product-1117,SKU-1117,Beauty,Premium,Premium,10,47.24,49.4,425.16,208.33,0.1,CUST-10069,Champions,2424.23,3,2.4,863.33,9.9,88.6
INV-01490,2025-03-15,Product-1086,SKU-1086,Toys,Budget,Premium,3,32.19,34.49,87.88,56.24,0.09,CUST-10070,At Risk,3341.88,114,6.9,499.31,73.4,25.4
INV-01491,2025-03-15,Product-1108,SKU-1108,Sports,Standard,Budget,16,101.69,91.44,1594.5,765.36,0.02,CUST-10071,Potential Loyalists,2821.02,25,5.6,462.16,39.1,66.8
INV-01492,2025-03-16,Product-1063,SKU-1063,Books,Budget,Premium,12,19.99,17.97,230.28,110.53,0.04,CUST-10072,At Risk,2288.53,97,5.8,398.56,64.8,52.6
INV-01493,2025-03-16,Product-1047,SKU-1047,Books,Premium,Standard,11,20.39,20.31,217.56,128.36,0.03,CUST-10073,Can't Lose Them,3905.74,180,2.5,1358.52,60.9,56.7
INV-01494,2025-03-17,Product-1098,SKU-1098,Food & Beverage,Standard,Premium,9,24.99,20.32,202.42,105.26,0.1,CUST-10074,Loyal Customers,1561.39,16,3.2,548.24,12.8,75.2
INV-01495,2025-03-18,Product-1014,SKU-1014,Toys,Standard,Standard,6,30.44,28.96,164.38,85.48,0.1,CUST-10075,Can't Lose Them,4020.19,159,3.5,1115.17,41.4,47.0
INV-01496,2025-03-18,Product-1048,SKU-1048,Electronics,Standard,Premium,16,146.99,162.51,2281.28,980.95,0.03,CUST-10076,Potential Loyalists,2139.7,39,5.8,388.33,17.1,58.5
INV-01497,2025-03-19,Product-1018,SKU-1018,Food & Beverage,Budget,Standard,23,22.24,21.84,506.4,207.62,0.01,CUST-10077,Loyal Customers,2676.92,30,3.2,615.1,6.4,88.0
INV-01498,2025-03-19,Product-1069,SKU-1069,Beauty,Premium,Premium,11,48.14,42.09,497.77,224.0,0.06,CUST-10078,Champions,7297.18,23,2.0,2702.66,7.9,91.8
INV-01499,2025-03-19,Product-1052,SKU-1052,Sports,Standard,Premium,7,85.49,86.37,580.48,336.68,0.03,CUST-10079,Loyal Customers,1764.1,35,3.4,436.01,13.9,69.5
INV-01500,2025-03-19,Product-1084,SKU-1084,Sports,Premium,Standard,13,89.99,77.16,1111.38,600.15,0.05,CUST-10080,At Risk,1818.46,116,9.2,166.1,77.2,29.2
INV-01501,2025-03-19,Product-1024,SKU-1024,Electronics,Standard,New Discovery,10,142.49,153.89,1182.67,626.82,0.17,CUST-10081,Hibernating,1145.47,186,17.1,59.28,88.9,22.1
INV-01502,2025-03-19,Product-1033,SKU-1033,Clothing,Premium,Premium,12,55.79,45.31,636.01,260.76,0.05,CUST-10082,Potential Loyalists,1750.62,41,4.0,465.59,21.5,78.6
INV-01503,2025-03-20,Product-1074,SKU-1074,Food & Beverage,Budget,Standard,2,27.49,26.87,50.03,26.02,0.09,CUST-10083,Loyal Customers,2177.24,19,2.2,970.25,12.3,85.4
INV-01504,2025-03-22,Product-1040,SKU-1040,Electronics,Standard,New Discovery,1,139.49,147.02,125.54,71.56,0.1,CUST-10084,Loyal Customers,4032.99,57,3.2,1223.6,14.6,66.2
INV-01505,2025-03-22,Product-1114,SKU-1114,Food & Beverage,Standard,Premium,41,27.99,22.73,1124.64,517.33,0.02,CUST-10085,At Risk,3901.18,161,10.2,341.49,78.2,49.1
INV-01506,2025-03-25,Product-1001,SKU-1001,Clothing,Standard,Budget,12,61.19,66.65,690.22,317.5,0.06,CUST-10086,Loyal Customers,3833.57,17,4.5,734.4,12.7,69.8
INV-01507,2025-03-26,Product-1064,SKU-1064,Electronics,Premium,Standard,12,158.99,136.9,1736.17,972.26,0.09,CUST-10087,Potential Loyalists,3936.38,20,6.6,473.35,33.0,66.3
INV-01508,2025-03-27,Product-1001,SKU-1001,Clothing,Standard,Standard,9,60.59,61.06,507.14,304.28,0.07,CUST-10088,Loyal Customers,4912.49,22,4.6,1078.72,11.5,86.2
INV-01509,2025-03-27,Product-1104,SKU-1104,Electronics,Budget,Budget,8,170.99,140.66,1340.56,616.66,0.02,CUST-10089,Hibernating,571.84,314,9.0,50.03,89.0,15.7
INV-01510,2025-03-28,Product-1071,SKU-1071,Books,Budget,Standard,20,22.19,21.54,412.73,181.6,0.07,CUST-10090,Hibernating,2235.53,259,11.4,204.27,73.5,16.9
INV-01511,2025-03-29,Product-1076,SKU-1076,Sports,Premium,Premium,14,85.49,76.53,1196.86,490.71,0.0,CUST-10091,Loyal Customers,3804.43,51,4.3,826.87,24.0,88.5
INV-01512,2025-03-29,Product-1046,SKU-1046,Toys,Premium,Standard,9,32.89,31.15,296.01,136.16,0.0,CUST-10092,At Risk,3554.74,161,9.9,355.51,59.5,50.9
INV-01513,2025-04-03,Product-1114,SKU-1114,Food & Beverage,Standard,Budget,41,25.74,29.41,1002.57,501.29,0.05,CUST-10093,Can't Lose Them,2538.45,200,2.0,1175.21,65.4,59.4
INV-01514,2025-04-04,Product-1056,SKU-1056,Electronics,Premium,New Discovery,12,152.99,148.49,1633.93,702.59,0.11,CUST-10094,At Risk,818.78,91,5.6,112.47,64.8,31.7
INV-01515,2025-04-06,Product-1058,SKU-1058,Food & Beverage,Standard,Standard,22,25.74,29.3,560.62,308.34,0.01,CUST-10095,Potential Loyalists,3647.43,37,5.4,711.0,38.9,63.7
INV-01516,2025-04-06,Product-1062,SKU-1062,Toys,Budget,New Discovery,1,32.89,38.62,27.3,11.19,0.17,CUST-10096,Can't Lose Them,2451.53,244,1.6,1276.84,41.2,48.4
INV-01517,2025-04-07,Product-1074,SKU-1074,Food & Beverage,Standard,Standard,4,25.74,23.51,99.87,47.94,0.03,CUST-10097,Loyal Customers,2300.04,32,3.6,459.64,10.5,82.5
INV-01518,2025-04-07,Product-1004,SKU-1004,Sports,Budget,Premium,1,97.19,81.33,95.25,48.58,0.02,CUST-10098,Hibernating,2510.6,311,14.8,204.38,80.0,7.3
INV-01519,2025-04-08,Product-1087,SKU-1087,Books,Premium,New Discovery,39,22.39,18.11,820.82,361.16,0.06,CUST-10099,Hibernating,1327.59,365,18.0,81.95,90.0,31.6
INV-01520,2025-04-08,Product-1037,SKU-1037,Beauty,Premium,Standard,13,40.94,42.69,489.64,293.78,0.08,CUST-10100,Hibernating,4000.07,360,17.6,177.56,92.0,10.6
