Invoice,ProductName,Category
INV-0001,Desk Lamp,Decor
INV-0001,Wall Mirror,Decor
INV-0002,Office Desk,Office
INV-0002,Desk Organizer,Office
INV-0002,Floor Lamp,Decor
INV-0003,Dishware Set,Kitchen
INV-0003,Utensil Set,Kitchen
INV-0003,Colander,Kitchen
INV-0004,Cookware Set,Kitchen
INV-0004,Utensil Set,Kitchen
INV-0005,Cookware Set,Kitchen
INV-0005,Area Rug,Decor
INV-0005,Wall Mirror,Decor
INV-0006,Cutting Board,Kitchen
INV-0006,Colander,Kitchen
INV-0006,Picture Frame,Decor
INV-0007,TV Stand,Furniture
INV-0007,Dining Chair,Furniture
INV-0007,Scented Candle,Decor
INV-0008,Cutting Board,Kitchen
INV-0008,Vase,Decor
INV-0008,Wall Art,Decor
INV-0009,Dining Table,Furniture
INV-0009,Bed Frame,Furniture
INV-0009,Throw Pillow,Decor
INV-0010,Dishware Set,Kitchen
INV-0010,Cutting Board,Kitchen
INV-0011,Wall Mirror,Decor
INV-0011,Picture Frame,Decor
INV-0011,Curtains,Decor
INV-0012,Whiteboard,Office
INV-0012,Bookends,Office
INV-0012,Picture Frame,Decor
INV-0013,Cookware Set,Kitchen
INV-0013,Pressure Cooker,Kitchen
INV-0014,Office Desk,Office
INV-0014,Monitor Stand,Office
INV-0015,File Cabinet,Office
INV-0015,Office Chair,Office
INV-0015,Scented Candle,Decor
INV-0016,Picture Frame,Decor
INV-0016,Throw Pillow,Decor
INV-0016,Armchair,Furniture
INV-0017,Utensil Set,Kitchen
INV-0017,Cookware Set,Kitchen
INV-0017,Floor Lamp,Decor
INV-0018,Wall Mirror,Decor
INV-0018,Floor Lamp,Decor
INV-0018,Coffee Table,Furniture
INV-0019,Desk Organizer,Office
INV-0019,Nightstand,Furniture
INV-0020,Desk Lamp,Decor
INV-0020,Wall Mirror,Decor
INV-0021,Dining Table,Furniture
INV-0021,Mixing Bowls,Kitchen
INV-0021,Throw Pillow,Decor
INV-0022,Knife Set,Kitchen
INV-0022,Utensil Set,Kitchen
INV-0022,Picture Frame,Decor
INV-0023,Desk Lamp,Decor
INV-0023,Wall Mirror,Decor
INV-0024,Stapler Set,Office
INV-0024,Pen Set,Office
INV-0024,Dining Table,Furniture
INV-0025,Sofa,Furniture
INV-0025,Coffee Table,Furniture
INV-0026,Desk Organizer,Office
INV-0026,TV Stand,Furniture
INV-0027,Mixing Bowls,Kitchen
INV-0027,Cookware Set,Kitchen
INV-0027,Cutting Board,Kitchen
INV-0028,Wardrobe,Furniture
INV-0028,Bed Frame,Furniture
INV-0028,Wall Art,Decor
INV-0028,Wall Mirror,Decor
INV-0029,Spice Rack,Kitchen
INV-0029,Mixing Bowls,Kitchen
INV-0029,Floor Lamp,Decor
INV-0030,Desk Lamp,Decor
INV-0030,Wall Mirror,Decor
INV-0031,Dining Table,Furniture
INV-0031,Dining Chair,Furniture
INV-0032,Desk Calendar,Office
INV-0032,Dining Table,Furniture
INV-0033,Dishware Set,Kitchen
INV-0033,Cutting Board,Kitchen
INV-0034,Office Desk,Office
INV-0034,Monitor Stand,Office
INV-0035,Office Desk,Office
INV-0035,Monitor Stand,Office
INV-0036,Spice Rack,Kitchen
INV-0036,Baking Sheet,Kitchen
INV-0037,Cookware Set,Kitchen
INV-0037,Utensil Set,Kitchen
INV-0038,Whiteboard,Office
INV-0038,Dining Chair,Furniture
INV-0039,Stapler Set,Office
INV-0039,Desk Calendar,Office
INV-0039,Office Chair,Office
INV-0040,Coffee Table,Furniture
INV-0040,Dining Table,Furniture
INV-0040,Desk Lamp,Decor
INV-0040,Curtains,Decor
INV-0041,Area Rug,Decor
INV-0041,Throw Pillow,Decor
INV-0042,Bed Frame,Furniture
INV-0042,Armchair,Furniture
INV-0042,Nightstand,Furniture
INV-0043,Office Desk,Office
INV-0043,Office Chair,Office
INV-0044,Colander,Kitchen
INV-0044,Cookware Set,Kitchen
INV-0045,Stapler Set,Office
INV-0045,Desk Organizer,Office
INV-0045,Throw Pillow,Decor
INV-0046,Desk Organizer,Office
INV-0046,File Cabinet,Office
INV-0046,Desk Lamp,Decor
INV-0047,Sofa,Furniture
INV-0047,Coffee Table,Furniture
INV-0048,Bookshelf,Furniture
INV-0048,TV Stand,Furniture
INV-0048,Desk Lamp,Decor
INV-0049,Office Desk,Office
INV-0049,Office Chair,Office
INV-0050,Desk Organizer,Office
INV-0050,Stapler Set,Office
INV-0050,Picture Frame,Decor
INV-0051,Dishware Set,Kitchen
INV-0051,Mixing Bowls,Kitchen
INV-0051,Desk Lamp,Decor
INV-0052,Office Desk,Office
INV-0052,Monitor Stand,Office
INV-0053,Office Desk,Office
INV-0053,Office Chair,Office
INV-0054,Armchair,Furniture
INV-0054,Wardrobe,Furniture
INV-0054,Vase,Decor
INV-0055,Coffee Table,Furniture
INV-0055,Wardrobe,Furniture
INV-0055,Wall Art,Decor
INV-0056,Cookware Set,Kitchen
INV-0056,Cutting Board,Kitchen
INV-0056,Utensil Set,Kitchen
INV-0057,Nightstand,Furniture
INV-0057,Coffee Table,Furniture
INV-0057,Dining Table,Furniture
INV-0058,Desk Calendar,Office
INV-0058,Stapler Set,Office
INV-0058,Monitor Stand,Office
INV-0059,Colander,Kitchen
INV-0059,Baking Sheet,Kitchen
INV-0060,Colander,Kitchen
INV-0060,Cutting Board,Kitchen
INV-0060,Wall Art,Decor
INV-0061,Whiteboard,Office
INV-0061,Nightstand,Furniture
INV-0062,Office Desk,Office
INV-0062,Office Chair,Office
INV-0063,Sofa,Furniture
INV-0063,Coffee Table,Furniture
INV-0064,Pen Set,Office
INV-0064,Bookends,Office
INV-0064,Wall Mirror,Decor
INV-0065,Area Rug,Decor
INV-0065,Scented Candle,Decor
INV-0065,Floor Lamp,Decor
INV-0066,Cookware Set,Kitchen
INV-0066,Utensil Set,Kitchen
INV-0067,Cookware Set,Kitchen
INV-0067,Utensil Set,Kitchen
INV-0067,Spice Rack,Kitchen
INV-0068,Utensil Set,Kitchen
INV-0068,Cookware Set,Kitchen
INV-0068,Mixing Bowls,Kitchen
INV-0069,TV Stand,Furniture
INV-0069,Dining Chair,Furniture
INV-0069,Bookshelf,Furniture
INV-0070,Dining Table,Furniture
INV-0070,Dining Chair,Furniture
INV-0071,Colander,Kitchen
INV-0071,Dishware Set,Kitchen
INV-0071,Picture Frame,Decor
INV-0072,Cookware Set,Kitchen
INV-0072,Utensil Set,Kitchen
INV-0073,Dining Table,Furniture
INV-0073,Dining Chair,Furniture
INV-0074,Pressure Cooker,Kitchen
INV-0074,Baking Sheet,Kitchen
INV-0074,Cutting Board,Kitchen
INV-0075,Office Chair,Office
INV-0075,File Cabinet,Office
INV-0075,Throw Pillow,Decor
INV-0076,Baking Sheet,Kitchen
INV-0076,Vase,Decor
INV-0076,Area Rug,Decor
INV-0077,Desk Lamp,Decor
INV-0077,Wall Mirror,Decor
INV-0078,Desk Lamp,Decor
INV-0078,Wall Mirror,Decor
INV-0079,Office Desk,Office
INV-0079,File Cabinet,Office
INV-0079,Throw Pillow,Decor
INV-0080,Pen Set,Office
INV-0080,Bookends,Office
INV-0080,Floor Lamp,Decor
INV-0081,Office Desk,Office
INV-0081,Monitor Stand,Office
INV-0082,Sofa,Furniture
INV-0082,Coffee Table,Furniture
INV-0083,File Cabinet,Office
INV-0083,Monitor Stand,Office
INV-0083,Desk Organizer,Office
INV-0084,Sofa,Furniture
INV-0084,Coffee Table,Furniture
INV-0085,Utensil Set,Kitchen
INV-0085,Pressure Cooker,Kitchen
INV-0085,Spice Rack,Kitchen
INV-0086,TV Stand,Furniture
INV-0086,Sofa,Furniture
INV-0086,Wall Mirror,Decor
INV-0086,Floor Lamp,Decor
INV-0087,File Cabinet,Office
INV-0087,Desk Calendar,Office
INV-0087,Nightstand,Furniture
INV-0088,Baking Sheet,Kitchen
INV-0088,Cookware Set,Kitchen
INV-0088,Desk Lamp,Decor
INV-0089,Office Desk,Office
INV-0089,Bed Frame,Furniture
INV-0090,Pressure Cooker,Kitchen
INV-0090,Knife Set,Kitchen
INV-0091,Colander,Kitchen
INV-0091,Vase,Decor
INV-0091,Desk Lamp,Decor
INV-0092,Knife Set,Kitchen
INV-0092,Cutting Board,Kitchen
INV-0092,Area Rug,Decor
INV-0093,Cookware Set,Kitchen
INV-0093,Utensil Set,Kitchen
INV-0094,Office Desk,Office
INV-0094,Monitor Stand,Office
INV-0095,Wardrobe,Furniture
INV-0095,Sofa,Furniture
INV-0095,Area Rug,Decor
INV-0095,Vase,Decor
INV-0096,Office Desk,Office
INV-0096,Office Chair,Office
INV-0097,Office Desk,Office
INV-0097,Office Chair,Office
INV-0098,Office Desk,Office
INV-0098,Stapler Set,Office
INV-0098,Coffee Table,Furniture
INV-0099,Office Chair,Office
INV-0099,Bookends,Office
INV-0099,Dining Chair,Furniture
INV-0100,Office Chair,Office
INV-0100,Armchair,Furniture
INV-0101,Spice Rack,Kitchen
INV-0101,Cookware Set,Kitchen
INV-0101,Utensil Set,Kitchen
INV-0102,Spice Rack,Kitchen
INV-0102,Picture Frame,Decor
INV-0102,Scented Candle,Decor
INV-0103,Wall Art,Decor
INV-0103,Floor Lamp,Decor
INV-0103,Throw Pillow,Decor
INV-0104,Knife Set,Kitchen
INV-0104,Baking Sheet,Kitchen
INV-0104,Dishware Set,Kitchen
INV-0105,Desk Lamp,Decor
INV-0105,Wall Mirror,Decor
INV-0106,Vase,Decor
INV-0106,Throw Pillow,Decor
INV-0106,Coffee Table,Furniture
INV-0107,Nightstand,Furniture
INV-0107,Coffee Table,Furniture
INV-0107,Wall Mirror,Decor
INV-0108,Office Desk,Office
INV-0108,Monitor Stand,Office
INV-0109,Colander,Kitchen
INV-0109,Knife Set,Kitchen
INV-0109,Desk Lamp,Decor
INV-0110,Coffee Table,Furniture
INV-0110,Cutting Board,Kitchen
INV-0110,Throw Pillow,Decor
INV-0111,Desk Lamp,Decor
INV-0111,Vase,Decor
INV-0111,TV Stand,Furniture
INV-0112,Picture Frame,Decor
INV-0112,Scented Candle,Decor
INV-0112,Sofa,Furniture
INV-0113,Office Desk,Office
INV-0113,Monitor Stand,Office
INV-0114,Wall Mirror,Decor
INV-0114,Desk Lamp,Decor
INV-0114,Bookshelf,Furniture
INV-0115,Office Chair,Office
INV-0115,Stapler Set,Office
INV-0115,Desk Lamp,Decor
INV-0116,Knife Set,Kitchen
INV-0116,Cutting Board,Kitchen
INV-0117,Floor Lamp,Decor
INV-0117,Wall Art,Decor
INV-0117,Vase,Decor
INV-0118,Cookware Set,Kitchen
INV-0118,Utensil Set,Kitchen
INV-0119,Desk Lamp,Decor
INV-0119,Wall Mirror,Decor
INV-0120,Knife Set,Kitchen
INV-0120,Area Rug,Decor
INV-0120,Picture Frame,Decor
INV-0121,Desk Lamp,Decor
INV-0121,Wall Art,Decor
INV-0121,Picture Frame,Decor
INV-0122,Sofa,Furniture
INV-0122,Coffee Table,Furniture
INV-0123,Office Desk,Office
INV-0123,Monitor Stand,Office
INV-0124,Colander,Kitchen
INV-0124,Area Rug,Decor
INV-0124,Wall Mirror,Decor
INV-0125,Dining Table,Furniture
INV-0125,TV Stand,Furniture
INV-0125,Sofa,Furniture
INV-0126,Armchair,Furniture
INV-0126,Colander,Kitchen
INV-0126,Desk Lamp,Decor
INV-0127,Dishware Set,Kitchen
INV-0127,Area Rug,Decor
INV-0127,Wall Art,Decor
INV-0128,Sofa,Furniture
INV-0128,Mixing Bowls,Kitchen
INV-0128,Floor Lamp,Decor
INV-0129,Utensil Set,Kitchen
INV-0129,Mixing Bowls,Kitchen
INV-0129,Baking Sheet,Kitchen
INV-0130,Area Rug,Decor
INV-0130,Throw Pillow,Decor
INV-0131,Pen Set,Office
INV-0131,Monitor Stand,Office
INV-0131,Stapler Set,Office
INV-0132,Cookware Set,Kitchen
INV-0132,Desk Lamp,Decor
INV-0132,Throw Pillow,Decor
INV-0133,Cutting Board,Kitchen
INV-0133,Wall Art,Decor
INV-0133,Desk Lamp,Decor
INV-0134,File Cabinet,Office
INV-0134,Office Desk,Office
INV-0134,Vase,Decor
INV-0135,Cutting Board,Kitchen
INV-0135,Pressure Cooker,Kitchen
INV-0135,Mixing Bowls,Kitchen
INV-0136,Floor Lamp,Decor
INV-0136,Picture Frame,Decor
INV-0136,Sofa,Furniture
INV-0137,Baking Sheet,Kitchen
INV-0137,Mixing Bowls,Kitchen
INV-0137,Wall Art,Decor
INV-0138,Bookshelf,Furniture
INV-0138,Wardrobe,Furniture
INV-0138,Bed Frame,Furniture
INV-0139,Office Desk,Office
INV-0139,Monitor Stand,Office
INV-0140,Area Rug,Decor
INV-0140,Wall Mirror,Decor
INV-0140,Wall Art,Decor
INV-0141,Bookends,Office
INV-0141,Desk Organizer,Office
INV-0141,Sofa,Furniture
INV-0142,Bookends,Office
INV-0142,File Cabinet,Office
INV-0142,Throw Pillow,Decor
INV-0143,Curtains,Decor
INV-0143,Scented Candle,Decor
INV-0143,Wall Mirror,Decor
INV-0144,Bookends,Office
INV-0144,Dining Chair,Furniture
INV-0145,Cookware Set,Kitchen
INV-0145,Baking Sheet,Kitchen
INV-0146,TV Stand,Furniture
INV-0146,Armchair,Furniture
INV-0146,Floor Lamp,Decor
INV-0147,Bed Frame,Furniture
INV-0147,Utensil Set,Kitchen
INV-0147,Throw Pillow,Decor
INV-0148,Area Rug,Decor
INV-0148,Throw Pillow,Decor
INV-0149,Wall Mirror,Decor
INV-0149,Wall Art,Decor
INV-0149,Scented Candle,Decor
INV-0150,Mixing Bowls,Kitchen
INV-0150,Curtains,Decor
INV-0150,Wall Art,Decor
INV-0151,Office Desk,Office
INV-0151,Monitor Stand,Office
INV-0152,Pen Set,Office
INV-0152,File Cabinet,Office
INV-0152,Stapler Set,Office
INV-0153,Bookends,Office
INV-0153,Desk Organizer,Office
INV-0153,Bed Frame,Furniture
INV-0154,Office Desk,Office
INV-0154,Monitor Stand,Office
INV-0155,Bookshelf,Furniture
INV-0155,Armchair,Furniture
INV-0155,Floor Lamp,Decor
INV-0156,Spice Rack,Kitchen
INV-0156,Picture Frame,Decor
INV-0156,Throw Pillow,Decor
INV-0157,Sofa,Furniture
INV-0157,Coffee Table,Furniture
INV-0158,Sofa,Furniture
INV-0158,Coffee Table,Furniture
INV-0159,Sofa,Furniture
INV-0159,Coffee Table,Furniture
INV-0160,Colander,Kitchen
INV-0160,Pressure Cooker,Kitchen
INV-0160,Desk Lamp,Decor
INV-0161,Bookshelf,Furniture
INV-0161,TV Stand,Furniture
INV-0161,Wardrobe,Furniture
INV-0162,Dining Chair,Furniture
INV-0162,Bookshelf,Furniture
INV-0162,Armchair,Furniture
INV-0163,Dishware Set,Kitchen
INV-0163,Cookware Set,Kitchen
INV-0163,Area Rug,Decor
INV-0164,Pressure Cooker,Kitchen
INV-0164,Utensil Set,Kitchen
INV-0164,Spice Rack,Kitchen
INV-0165,Spice Rack,Kitchen
INV-0165,Floor Lamp,Decor
INV-0165,Curtains,Decor
INV-0166,Dining Table,Furniture
INV-0166,Dining Chair,Furniture
INV-0167,Pen Set,Office
INV-0167,Dining Table,Furniture
INV-0168,Desk Lamp,Decor
INV-0168,Wall Mirror,Decor
INV-0169,Coffee Table,Furniture
INV-0169,Bed Frame,Furniture
INV-0169,Floor Lamp,Decor
INV-0170,Stapler Set,Office
INV-0170,Desk Calendar,Office
INV-0170,Sofa,Furniture
INV-0171,Office Desk,Office
INV-0171,Monitor Stand,Office
INV-0172,Utensil Set,Kitchen
INV-0172,Pressure Cooker,Kitchen
INV-0172,Dishware Set,Kitchen
INV-0173,Sofa,Furniture
INV-0173,Coffee Table,Furniture
INV-0174,Office Desk,Office
INV-0174,Office Chair,Office
INV-0175,Office Desk,Office
INV-0175,Monitor Stand,Office
INV-0176,Area Rug,Decor
INV-0176,Throw Pillow,Decor
INV-0177,Vase,Decor
INV-0177,Scented Candle,Decor
INV-0177,Curtains,Decor
INV-0178,Office Desk,Office
INV-0178,Monitor Stand,Office
INV-0179,Sofa,Furniture
INV-0179,Coffee Table,Furniture
INV-0180,Desk Calendar,Office
INV-0180,Bookends,Office
INV-0180,Bookshelf,Furniture
INV-0181,Knife Set,Kitchen
INV-0181,Colander,Kitchen
INV-0181,Pressure Cooker,Kitchen
INV-0182,Desk Lamp,Decor
INV-0182,Wall Mirror,Decor
INV-0183,Knife Set,Kitchen
INV-0183,Pressure Cooker,Kitchen
INV-0183,Utensil Set,Kitchen
INV-0184,Floor Lamp,Decor
INV-0184,Wall Art,Decor
INV-0184,Wardrobe,Furniture
INV-0185,Scented Candle,Decor
INV-0185,Wall Mirror,Decor
INV-0185,Desk Lamp,Decor
INV-0186,Pen Set,Office
INV-0186,File Cabinet,Office
INV-0186,Monitor Stand,Office
INV-0187,Utensil Set,Kitchen
INV-0187,Baking Sheet,Kitchen
INV-0187,Curtains,Decor
INV-0188,Scented Candle,Decor
INV-0188,Vase,Decor
INV-0188,Curtains,Decor
INV-0189,Dining Chair,Furniture
INV-0189,Bed Frame,Furniture
INV-0189,Curtains,Decor
INV-0189,Area Rug,Decor
INV-0190,Cookware Set,Kitchen
INV-0190,Utensil Set,Kitchen
INV-0191,Desk Calendar,Office
INV-0191,Sofa,Furniture
INV-0192,Bookshelf,Furniture
INV-0192,Baking Sheet,Kitchen
INV-0192,Curtains,Decor
INV-0193,Office Desk,Office
INV-0193,Monitor Stand,Office
INV-0194,Office Desk,Office
INV-0194,Monitor Stand,Office
INV-0195,Area Rug,Decor
INV-0195,Throw Pillow,Decor
INV-0196,Pressure Cooker,Kitchen
INV-0196,Cutting Board,Kitchen
INV-0196,Knife Set,Kitchen
INV-0197,Pressure Cooker,Kitchen
INV-0197,Area Rug,Decor
INV-0197,Curtains,Decor
INV-0198,Curtains,Decor
INV-0198,Desk Lamp,Decor
INV-0198,Vase,Decor
INV-0199,Bookends,Office
INV-0199,Stapler Set,Office
INV-0199,Office Desk,Office
INV-0200,Bookends,Office
INV-0200,Armchair,Furniture
INV-0201,Coffee Table,Furniture
INV-0201,Bed Frame,Furniture
INV-0201,Desk Lamp,Decor
INV-0202,Sofa,Furniture
INV-0202,Coffee Table,Furniture
INV-0203,Office Desk,Office
INV-0203,Desk Organizer,Office
INV-0203,Bed Frame,Furniture
INV-0204,Floor Lamp,Decor
INV-0204,Vase,Decor
INV-0204,Throw Pillow,Decor
INV-0205,Curtains,Decor
INV-0205,Wall Art,Decor
INV-0205,Picture Frame,Decor
INV-0206,Utensil Set,Kitchen
INV-0206,Pressure Cooker,Kitchen
INV-0207,TV Stand,Furniture
INV-0207,Sofa,Furniture
INV-0207,Throw Pillow,Decor
INV-0208,Utensil Set,Kitchen
INV-0208,Cookware Set,Kitchen
INV-0208,Colander,Kitchen
INV-0209,Cutting Board,Kitchen
INV-0209,Cookware Set,Kitchen
INV-0209,Dishware Set,Kitchen
INV-0210,Dishware Set,Kitchen
INV-0210,Pressure Cooker,Kitchen
INV-0210,Utensil Set,Kitchen
INV-0211,Cookware Set,Kitchen
INV-0211,Utensil Set,Kitchen
INV-0212,Pressure Cooker,Kitchen
INV-0212,Knife Set,Kitchen
INV-0212,Throw Pillow,Decor
INV-0213,Bookends,Office
INV-0213,Office Chair,Office
INV-0213,Dining Table,Furniture
INV-0214,Wall Mirror,Decor
INV-0214,Area Rug,Decor
INV-0214,Bookshelf,Furniture
INV-0215,Cookware Set,Kitchen
INV-0215,Utensil Set,Kitchen
INV-0216,File Cabinet,Office
INV-0216,Dining Chair,Furniture
INV-0217,Armchair,Furniture
INV-0217,Dining Chair,Furniture
INV-0217,Coffee Table,Furniture
INV-0218,Picture Frame,Decor
INV-0218,Wall Mirror,Decor
INV-0218,Armchair,Furniture
INV-0219,Wardrobe,Furniture
INV-0219,TV Stand,Furniture
INV-0219,Curtains,Decor
INV-0219,Throw Pillow,Decor
INV-0220,TV Stand,Furniture
INV-0220,Wardrobe,Furniture
INV-0220,Sofa,Furniture
INV-0221,Pressure Cooker,Kitchen
INV-0221,Wall Mirror,Decor
INV-0221,Curtains,Decor
INV-0222,Nightstand,Furniture
INV-0222,Dishware Set,Kitchen
INV-0222,Curtains,Decor
INV-0223,Stapler Set,Office
INV-0223,Desk Organizer,Office
INV-0223,Armchair,Furniture
INV-0224,Office Desk,Office
INV-0224,Monitor Stand,Office
INV-0225,Dining Table,Furniture
INV-0225,Dining Chair,Furniture
INV-0226,Sofa,Furniture
INV-0226,Coffee Table,Furniture
INV-0227,Spice Rack,Kitchen
INV-0227,Wall Art,Decor
INV-0227,Throw Pillow,Decor
INV-0228,Utensil Set,Kitchen
INV-0228,Knife Set,Kitchen
INV-0228,Pressure Cooker,Kitchen
INV-0229,Pressure Cooker,Kitchen
INV-0229,Baking Sheet,Kitchen
INV-0229,Mixing Bowls,Kitchen
INV-0230,Nightstand,Furniture
INV-0230,Wardrobe,Furniture
INV-0230,Desk Lamp,Decor
INV-0231,Dining Table,Furniture
INV-0231,Dining Chair,Furniture
INV-0232,Mixing Bowls,Kitchen
INV-0232,Knife Set,Kitchen
INV-0232,Throw Pillow,Decor
INV-0233,Spice Rack,Kitchen
INV-0233,Knife Set,Kitchen
INV-0234,Office Desk,Office
INV-0234,Monitor Stand,Office
INV-0235,TV Stand,Furniture
INV-0235,Dining Chair,Furniture
INV-0235,Wall Mirror,Decor
INV-0236,Baking Sheet,Kitchen
INV-0236,Pressure Cooker,Kitchen
INV-0236,Cutting Board,Kitchen
INV-0237,Dining Table,Furniture
INV-0237,Dining Chair,Furniture
INV-0238,Desk Lamp,Decor
INV-0238,Wall Mirror,Decor
INV-0239,Dining Table,Furniture
INV-0239,Dining Chair,Furniture
INV-0240,Sofa,Furniture
INV-0240,Coffee Table,Furniture
INV-0241,Coffee Table,Furniture
INV-0241,Bookshelf,Furniture
INV-0241,Floor Lamp,Decor
INV-0242,Pen Set,Office
INV-0242,Bookshelf,Furniture
INV-0243,Cookware Set,Kitchen
INV-0243,Utensil Set,Kitchen
INV-0244,Nightstand,Furniture
INV-0244,Colander,Kitchen
INV-0244,Scented Candle,Decor
INV-0245,Bed Frame,Furniture
INV-0245,Colander,Kitchen
INV-0245,Throw Pillow,Decor
INV-0246,Nightstand,Furniture
INV-0246,Knife Set,Kitchen
INV-0246,Wall Art,Decor
INV-0247,Cutting Board,Kitchen
INV-0247,Utensil Set,Kitchen
INV-0248,Mixing Bowls,Kitchen
INV-0248,Utensil Set,Kitchen
INV-0248,Scented Candle,Decor
INV-0249,Pen Set,Office
INV-0249,Bookends,Office
INV-0249,Nightstand,Furniture
INV-0250,Spice Rack,Kitchen
INV-0250,Colander,Kitchen
INV-0251,Area Rug,Decor
INV-0251,Throw Pillow,Decor
INV-0252,Wall Mirror,Decor
INV-0252,Floor Lamp,Decor
INV-0252,Bookshelf,Furniture
INV-0253,Mixing Bowls,Kitchen
INV-0253,Dishware Set,Kitchen
INV-0253,Knife Set,Kitchen
INV-0254,TV Stand,Furniture
INV-0254,Dining Table,Furniture
INV-0254,Wall Art,Decor
INV-0255,Sofa,Furniture
INV-0255,TV Stand,Furniture
INV-0255,Wall Art,Decor
INV-0255,Desk Lamp,Decor
INV-0256,Desk Lamp,Decor
INV-0256,Wall Mirror,Decor
INV-0257,Dining Table,Furniture
INV-0257,Dining Chair,Furniture
INV-0258,Office Desk,Office
INV-0258,Desk Organizer,Office
INV-0258,Vase,Decor
INV-0259,Dining Table,Furniture
INV-0259,Dining Chair,Furniture
INV-0260,Sofa,Furniture
INV-0260,Coffee Table,Furniture
INV-0261,Desk Lamp,Decor
INV-0261,Area Rug,Decor
INV-0261,Wall Art,Decor
INV-0262,Dining Table,Furniture
INV-0262,Dining Chair,Furniture
INV-0263,Office Chair,Office
INV-0263,File Cabinet,Office
INV-0263,Vase,Decor
INV-0264,Armchair,Furniture
INV-0264,Sofa,Furniture
INV-0264,Dining Table,Furniture
INV-0265,Bookends,Office
INV-0265,Desk Organizer,Office
INV-0265,Office Chair,Office
INV-0266,Utensil Set,Kitchen
INV-0266,Colander,Kitchen
INV-0266,Baking Sheet,Kitchen
INV-0267,Area Rug,Decor
INV-0267,Throw Pillow,Decor
INV-0268,Area Rug,Decor
INV-0268,Throw Pillow,Decor
INV-0269,Area Rug,Decor
INV-0269,Throw Pillow,Decor
INV-0270,Colander,Kitchen
INV-0270,Baking Sheet,Kitchen
INV-0270,Pressure Cooker,Kitchen
INV-0271,Sofa,Furniture
INV-0271,Coffee Table,Furniture
INV-0272,Picture Frame,Decor
INV-0272,Curtains,Decor
INV-0272,Bookshelf,Furniture
INV-0273,Cookware Set,Kitchen
INV-0273,Utensil Set,Kitchen
INV-0274,Area Rug,Decor
INV-0274,Throw Pillow,Decor
INV-0275,Armchair,Furniture
INV-0275,Coffee Table,Furniture
INV-0275,Floor Lamp,Decor
INV-0275,Picture Frame,Decor
INV-0276,Utensil Set,Kitchen
INV-0276,Dishware Set,Kitchen
INV-0277,Dishware Set,Kitchen
INV-0277,Colander,Kitchen
INV-0277,Utensil Set,Kitchen
INV-0278,Office Desk,Office
INV-0278,File Cabinet,Office
INV-0278,Nightstand,Furniture
INV-0279,Area Rug,Decor
INV-0279,Throw Pillow,Decor
INV-0280,Dining Table,Furniture
INV-0280,Dining Chair,Furniture
INV-0281,Area Rug,Decor
INV-0281,Floor Lamp,Decor
INV-0281,Bookshelf,Furniture
INV-0282,Vase,Decor
INV-0282,Wall Mirror,Decor
INV-0282,Dining Chair,Furniture
INV-0283,Spice Rack,Kitchen
INV-0283,Cutting Board,Kitchen
INV-0284,Utensil Set,Kitchen
INV-0284,Scented Candle,Decor
INV-0284,Floor Lamp,Decor
INV-0285,Desk Lamp,Decor
INV-0285,Wall Mirror,Decor
INV-0286,Desk Organizer,Office
INV-0286,Monitor Stand,Office
INV-0286,Office Chair,Office
INV-0287,Dining Table,Furniture
INV-0287,Bookshelf,Furniture
INV-0287,Picture Frame,Decor
INV-0287,Wall Art,Decor
INV-0288,Sofa,Furniture
INV-0288,Coffee Table,Furniture
INV-0289,Desk Calendar,Office
INV-0289,Desk Organizer,Office
INV-0289,Curtains,Decor
INV-0290,Colander,Kitchen
INV-0290,Spice Rack,Kitchen
INV-0291,Dining Table,Furniture
INV-0291,Dining Chair,Furniture
INV-0292,Sofa,Furniture
INV-0292,Coffee Table,Furniture
INV-0293,Armchair,Furniture
INV-0293,Sofa,Furniture
INV-0293,Bed Frame,Furniture
INV-0294,Picture Frame,Decor
INV-0294,Wall Art,Decor
INV-0294,Area Rug,Decor
INV-0295,Dining Chair,Furniture
INV-0295,Sofa,Furniture
INV-0295,Bookshelf,Furniture
INV-0296,Cookware Set,Kitchen
INV-0296,Utensil Set,Kitchen
INV-0297,Dining Table,Furniture
INV-0297,Nightstand,Furniture
INV-0297,Scented Candle,Decor
INV-0297,Vase,Decor
INV-0298,Dishware Set,Kitchen
INV-0298,Baking Sheet,Kitchen
INV-0299,Desk Lamp,Decor
INV-0299,Wall Mirror,Decor
INV-0300,Dining Table,Furniture
INV-0300,Dining Chair,Furniture
INV-0301,Nightstand,Furniture
INV-0301,Wardrobe,Furniture
INV-0301,Bed Frame,Furniture
INV-0302,Throw Pillow,Decor
INV-0302,Wall Mirror,Decor
INV-0302,Desk Lamp,Decor
INV-0303,Curtains,Decor
INV-0303,Vase,Decor
INV-0303,Wall Art,Decor
INV-0304,Stapler Set,Office
INV-0304,Sofa,Furniture
INV-0305,Sofa,Furniture
INV-0305,Coffee Table,Furniture
INV-0306,Wardrobe,Furniture
INV-0306,Bookshelf,Furniture
INV-0306,Armchair,Furniture
INV-0307,File Cabinet,Office
INV-0307,Stapler Set,Office
INV-0307,Area Rug,Decor
INV-0308,Office Desk,Office
INV-0308,Monitor Stand,Office
INV-0309,Sofa,Furniture
INV-0309,Coffee Table,Furniture
INV-0310,Cookware Set,Kitchen
INV-0310,Floor Lamp,Decor
INV-0310,Scented Candle,Decor
INV-0311,Armchair,Furniture
INV-0311,Pressure Cooker,Kitchen
INV-0311,Vase,Decor
INV-0312,Dining Chair,Furniture
INV-0312,Bookshelf,Furniture
INV-0312,Scented Candle,Decor
INV-0312,Desk Lamp,Decor
INV-0313,Vase,Decor
INV-0313,Picture Frame,Decor
INV-0313,Coffee Table,Furniture
INV-0314,Armchair,Furniture
INV-0314,Dining Chair,Furniture
INV-0314,Desk Lamp,Decor
INV-0315,Scented Candle,Decor
INV-0315,Area Rug,Decor
INV-0315,TV Stand,Furniture
INV-0316,Utensil Set,Kitchen
INV-0316,Floor Lamp,Decor
INV-0316,Wall Mirror,Decor
INV-0317,Sofa,Furniture
INV-0317,Coffee Table,Furniture
INV-0318,Monitor Stand,Office
INV-0318,Desk Calendar,Office
INV-0318,Wall Art,Decor
INV-0319,Office Desk,Office
INV-0319,Office Chair,Office
INV-0320,Baking Sheet,Kitchen
INV-0320,Pressure Cooker,Kitchen
INV-0321,Dining Table,Furniture
INV-0321,Dining Chair,Furniture
INV-0322,Pressure Cooker,Kitchen
INV-0322,Colander,Kitchen
INV-0322,Dishware Set,Kitchen
INV-0323,Pen Set,Office
INV-0323,Armchair,Furniture
INV-0324,Office Desk,Office
INV-0324,Office Chair,Office
INV-0325,Office Chair,Office
INV-0325,Desk Organizer,Office
INV-0325,File Cabinet,Office
INV-0326,Scented Candle,Decor
INV-0326,Wall Art,Decor
INV-0326,Area Rug,Decor
INV-0327,Wall Art,Decor
INV-0327,Vase,Decor
INV-0327,Dining Table,Furniture
INV-0328,Sofa,Furniture
INV-0328,Coffee Table,Furniture
INV-0329,Office Desk,Office
INV-0329,Monitor Stand,Office
INV-0330,Dining Table,Furniture
INV-0330,Dining Chair,Furniture
INV-0331,Wardrobe,Furniture
INV-0331,Colander,Kitchen
INV-0331,Scented Candle,Decor
INV-0332,Desk Calendar,Office
INV-0332,Wardrobe,Furniture
INV-0333,Cutting Board,Kitchen
INV-0333,Baking Sheet,Kitchen
INV-0333,Floor Lamp,Decor
INV-0334,Cookware Set,Kitchen
INV-0334,Throw Pillow,Decor
INV-0334,Vase,Decor
INV-0335,File Cabinet,Office
INV-0335,Dining Table,Furniture
INV-0336,Dining Table,Furniture
INV-0336,Dining Chair,Furniture
INV-0337,Dining Table,Furniture
INV-0337,TV Stand,Furniture
INV-0337,Picture Frame,Decor
INV-0337,Throw Pillow,Decor
INV-0338,Desk Calendar,Office
INV-0338,Office Chair,Office
INV-0338,Scented Candle,Decor
INV-0339,Sofa,Furniture
INV-0339,Coffee Table,Furniture
INV-0340,Dining Table,Furniture
INV-0340,Bed Frame,Furniture
INV-0340,Desk Lamp,Decor
INV-0341,Nightstand,Furniture
INV-0341,Bookshelf,Furniture
INV-0341,Wardrobe,Furniture
INV-0342,Area Rug,Decor
INV-0342,Throw Pillow,Decor
INV-0343,Office Chair,Office
INV-0343,Wardrobe,Furniture
INV-0344,Office Desk,Office
INV-0344,Monitor Stand,Office
INV-0345,Whiteboard,Office
INV-0345,Nightstand,Furniture
INV-0346,Office Desk,Office
INV-0346,Monitor Stand,Office
INV-0347,Armchair,Furniture
INV-0347,Coffee Table,Furniture
INV-0347,Floor Lamp,Decor
INV-0347,Wall Art,Decor
INV-0348,Utensil Set,Kitchen
INV-0348,Baking Sheet,Kitchen
INV-0348,Spice Rack,Kitchen
INV-0349,Desk Lamp,Decor
INV-0349,Wall Mirror,Decor
INV-0350,Desk Calendar,Office
INV-0350,Monitor Stand,Office
INV-0350,Wall Art,Decor
INV-0351,Sofa,Furniture
INV-0351,Wardrobe,Furniture
INV-0351,Area Rug,Decor
INV-0352,Throw Pillow,Decor
INV-0352,Picture Frame,Decor
INV-0352,Bed Frame,Furniture
INV-0353,Pen Set,Office
INV-0353,Stapler Set,Office
INV-0353,File Cabinet,Office
INV-0354,Cookware Set,Kitchen
INV-0354,Utensil Set,Kitchen
INV-0355,Monitor Stand,Office
INV-0355,Bookends,Office
INV-0355,Coffee Table,Furniture
INV-0356,Area Rug,Decor
INV-0356,Throw Pillow,Decor
INV-0357,Bookends,Office
INV-0357,Dining Chair,Furniture
INV-0358,Dining Table,Furniture
INV-0358,Dining Chair,Furniture
INV-0359,Cookware Set,Kitchen
INV-0359,Utensil Set,Kitchen
INV-0360,Pen Set,Office
INV-0360,Desk Calendar,Office
INV-0360,Desk Organizer,Office
INV-0361,Sofa,Furniture
INV-0361,Coffee Table,Furniture
INV-0362,Cookware Set,Kitchen
INV-0362,Pressure Cooker,Kitchen
INV-0363,Scented Candle,Decor
INV-0363,Desk Lamp,Decor
INV-0363,Coffee Table,Furniture
INV-0364,Sofa,Furniture
INV-0364,Coffee Table,Furniture
INV-0365,Armchair,Furniture
INV-0365,Knife Set,Kitchen
INV-0365,Curtains,Decor
INV-0366,Pressure Cooker,Kitchen
INV-0366,Knife Set,Kitchen
INV-0367,Baking Sheet,Kitchen
INV-0367,Pressure Cooker,Kitchen
INV-0367,Wall Mirror,Decor
INV-0368,Baking Sheet,Kitchen
INV-0368,Mixing Bowls,Kitchen
INV-0368,Knife Set,Kitchen
INV-0369,Area Rug,Decor
INV-0369,Curtains,Decor
INV-0369,Bookshelf,Furniture
INV-0370,Armchair,Furniture
INV-0370,Sofa,Furniture
INV-0370,Picture Frame,Decor
INV-0371,Dining Table,Furniture
INV-0371,Dining Chair,Furniture
INV-0372,Floor Lamp,Decor
INV-0372,Throw Pillow,Decor
INV-0372,Dining Chair,Furniture
INV-0373,Desk Lamp,Decor
INV-0373,Wall Mirror,Decor
INV-0374,Spice Rack,Kitchen
INV-0374,Knife Set,Kitchen
INV-0374,Desk Lamp,Decor
INV-0375,Desk Lamp,Decor
INV-0375,Wall Mirror,Decor
INV-0376,Office Desk,Office
INV-0376,Desk Organizer,Office
INV-0376,Vase,Decor
INV-0377,Armchair,Furniture
INV-0377,Wardrobe,Furniture
INV-0377,Desk Lamp,Decor
INV-0377,Wall Mirror,Decor
INV-0378,Throw Pillow,Decor
INV-0378,Curtains,Decor
INV-0378,Dining Table,Furniture
INV-0379,Dishware Set,Kitchen
INV-0379,Colander,Kitchen
INV-0379,Throw Pillow,Decor
INV-0380,Office Desk,Office
INV-0380,Office Chair,Office
INV-0381,Office Desk,Office
INV-0381,Office Chair,Office
INV-0382,Dishware Set,Kitchen
INV-0382,Knife Set,Kitchen
INV-0383,Dining Table,Furniture
INV-0383,Dining Chair,Furniture
INV-0384,Throw Pillow,Decor
INV-0384,Wall Mirror,Decor
INV-0384,Nightstand,Furniture
INV-0385,Dining Table,Furniture
INV-0385,Dining Chair,Furniture
INV-0385,Bed Frame,Furniture
INV-0386,Office Desk,Office
INV-0386,Monitor Stand,Office
INV-0387,Coffee Table,Furniture
INV-0387,Baking Sheet,Kitchen
INV-0387,Area Rug,Decor
INV-0388,Colander,Kitchen
INV-0388,Utensil Set,Kitchen
INV-0389,Sofa,Furniture
INV-0389,Coffee Table,Furniture
INV-0390,Bookshelf,Furniture
INV-0390,Spice Rack,Kitchen
INV-0390,Curtains,Decor
INV-0391,Desk Lamp,Decor
INV-0391,Wall Mirror,Decor
INV-0392,Coffee Table,Furniture
INV-0392,Cutting Board,Kitchen
INV-0392,Vase,Decor
INV-0393,Armchair,Furniture
INV-0393,TV Stand,Furniture
INV-0393,Throw Pillow,Decor
INV-0394,Area Rug,Decor
INV-0394,Throw Pillow,Decor
INV-0395,Utensil Set,Kitchen
INV-0395,Pressure Cooker,Kitchen
INV-0395,Knife Set,Kitchen
INV-0396,Desk Lamp,Decor
INV-0396,Wall Mirror,Decor
INV-0397,Utensil Set,Kitchen
INV-0397,Desk Lamp,Decor
INV-0397,Area Rug,Decor
INV-0398,Bookshelf,Furniture
INV-0398,Nightstand,Furniture
INV-0398,Wall Mirror,Decor
INV-0398,Picture Frame,Decor
INV-0399,Colander,Kitchen
INV-0399,Dishware Set,Kitchen
INV-0399,Baking Sheet,Kitchen
INV-0400,Sofa,Furniture
INV-0400,Coffee Table,Furniture
INV-0401,TV Stand,Furniture
INV-0401,Baking Sheet,Kitchen
INV-0401,Picture Frame,Decor
INV-0402,File Cabinet,Office
INV-0402,Office Chair,Office
INV-0402,Desk Calendar,Office
INV-0403,Area Rug,Decor
INV-0403,Throw Pillow,Decor
INV-0404,Knife Set,Kitchen
INV-0404,Area Rug,Decor
INV-0404,Throw Pillow,Decor
INV-0405,Pressure Cooker,Kitchen
INV-0405,Spice Rack,Kitchen
INV-0405,Floor Lamp,Decor
INV-0406,Coffee Table,Furniture
INV-0406,Mixing Bowls,Kitchen
INV-0406,Scented Candle,Decor
INV-0407,Desk Lamp,Decor
INV-0407,Wall Mirror,Decor
INV-0408,Sofa,Furniture
INV-0408,Baking Sheet,Kitchen
INV-0408,Wall Art,Decor
INV-0409,Utensil Set,Kitchen
INV-0409,Pressure Cooker,Kitchen
INV-0409,Wall Mirror,Decor
INV-0410,Spice Rack,Kitchen
INV-0410,Cookware Set,Kitchen
INV-0410,Area Rug,Decor
INV-0411,Floor Lamp,Decor
INV-0411,Desk Lamp,Decor
INV-0411,Picture Frame,Decor
INV-0412,TV Stand,Furniture
INV-0412,Dining Chair,Furniture
INV-0412,Armchair,Furniture
INV-0413,Mixing Bowls,Kitchen
INV-0413,Dishware Set,Kitchen
INV-0413,Cookware Set,Kitchen
INV-0414,Dishware Set,Kitchen
INV-0414,Spice Rack,Kitchen
INV-0415,Office Desk,Office
INV-0415,Monitor Stand,Office
INV-0416,Dishware Set,Kitchen
INV-0416,Utensil Set,Kitchen
INV-0417,Dining Table,Furniture
INV-0417,Sofa,Furniture
INV-0417,Throw Pillow,Decor
INV-0418,Spice Rack,Kitchen
INV-0418,Mixing Bowls,Kitchen
INV-0418,Cookware Set,Kitchen
INV-0419,Desk Organizer,Office
INV-0419,Office Desk,Office
INV-0419,Dining Table,Furniture
INV-0420,Colander,Kitchen
INV-0420,Wall Mirror,Decor
INV-0420,Picture Frame,Decor
INV-0421,Dining Table,Furniture
INV-0421,Dining Chair,Furniture
INV-0422,Sofa,Furniture
INV-0422,Coffee Table,Furniture
INV-0423,TV Stand,Furniture
INV-0423,Spice Rack,Kitchen
INV-0423,Wall Mirror,Decor
INV-0424,Sofa,Furniture
INV-0424,Coffee Table,Furniture
INV-0425,Office Desk,Office
INV-0425,Office Chair,Office
INV-0426,Spice Rack,Kitchen
INV-0426,Cookware Set,Kitchen
INV-0426,Knife Set,Kitchen
INV-0427,Sofa,Furniture
INV-0427,Coffee Table,Furniture
INV-0428,Desk Lamp,Decor
INV-0428,Wall Mirror,Decor
INV-0429,Sofa,Furniture
INV-0429,Nightstand,Furniture
INV-0429,Curtains,Decor
INV-0430,Utensil Set,Kitchen
INV-0430,Vase,Decor
INV-0430,Picture Frame,Decor
INV-0431,Coffee Table,Furniture
INV-0431,Wardrobe,Furniture
INV-0431,Dining Table,Furniture
INV-0432,Dining Table,Furniture
INV-0432,Bookshelf,Furniture
INV-0432,Wardrobe,Furniture
INV-0433,Bookends,Office
INV-0433,TV Stand,Furniture
INV-0434,Vase,Decor
INV-0434,Scented Candle,Decor
INV-0434,Armchair,Furniture
INV-0435,Utensil Set,Kitchen
INV-0435,Wall Mirror,Decor
INV-0435,Scented Candle,Decor
INV-0436,Baking Sheet,Kitchen
INV-0436,Pressure Cooker,Kitchen
INV-0436,Floor Lamp,Decor
INV-0437,Mixing Bowls,Kitchen
INV-0437,Vase,Decor
INV-0437,Curtains,Decor
INV-0438,Utensil Set,Kitchen
INV-0438,Throw Pillow,Decor
INV-0438,Curtains,Decor
INV-0439,Wall Art,Decor
INV-0439,Throw Pillow,Decor
INV-0439,Desk Lamp,Decor
INV-0440,Dining Table,Furniture
INV-0440,Dining Chair,Furniture
INV-0441,Coffee Table,Furniture
INV-0441,Armchair,Furniture
INV-0441,TV Stand,Furniture
INV-0442,Utensil Set,Kitchen
INV-0442,Throw Pillow,Decor
INV-0442,Desk Lamp,Decor
INV-0443,Office Desk,Office
INV-0443,Monitor Stand,Office
INV-0444,Armchair,Furniture
INV-0444,TV Stand,Furniture
INV-0444,Scented Candle,Decor
INV-0444,Throw Pillow,Decor
INV-0445,File Cabinet,Office
INV-0445,Whiteboard,Office
INV-0445,Curtains,Decor
INV-0446,Bookshelf,Furniture
INV-0446,Armchair,Furniture
INV-0446,Throw Pillow,Decor
INV-0446,Wall Mirror,Decor
INV-0447,Cookware Set,Kitchen
INV-0447,Utensil Set,Kitchen
INV-0448,Office Desk,Office
INV-0448,Office Chair,Office
INV-0449,Dishware Set,Kitchen
INV-0449,Pressure Cooker,Kitchen
INV-0449,Floor Lamp,Decor
INV-0450,Whiteboard,Office
INV-0450,Stapler Set,Office
INV-0450,Throw Pillow,Decor
INV-0451,Desk Organizer,Office
INV-0451,Pen Set,Office
INV-0451,Curtains,Decor
INV-0452,Office Desk,Office
INV-0452,Monitor Stand,Office
INV-0453,Area Rug,Decor
INV-0453,Throw Pillow,Decor
INV-0454,Area Rug,Decor
INV-0454,Throw Pillow,Decor
INV-0455,Desk Lamp,Decor
INV-0455,Wall Mirror,Decor
INV-0456,Office Desk,Office
INV-0456,Monitor Stand,Office
INV-0457,Armchair,Furniture
INV-0457,Bookshelf,Furniture
INV-0457,Area Rug,Decor
INV-0458,Desk Organizer,Office
INV-0458,Bookends,Office
INV-0458,Wardrobe,Furniture
INV-0459,Sofa,Furniture
INV-0459,Dishware Set,Kitchen
INV-0459,Desk Lamp,Decor
INV-0460,Cookware Set,Kitchen
INV-0460,Utensil Set,Kitchen
INV-0461,Office Chair,Office
INV-0461,Dining Table,Furniture
INV-0462,Desk Lamp,Decor
INV-0462,Wall Mirror,Decor
INV-0463,Coffee Table,Furniture
INV-0463,TV Stand,Furniture
INV-0463,Floor Lamp,Decor
INV-0464,File Cabinet,Office
INV-0464,Nightstand,Furniture
INV-0465,Desk Lamp,Decor
INV-0465,Throw Pillow,Decor
INV-0465,Wall Art,Decor
INV-0466,Picture Frame,Decor
INV-0466,Wall Mirror,Decor
INV-0466,Area Rug,Decor
INV-0467,Monitor Stand,Office
INV-0467,Office Desk,Office
INV-0467,Office Chair,Office
INV-0468,Pressure Cooker,Kitchen
INV-0468,Baking Sheet,Kitchen
INV-0469,Dining Table,Furniture
INV-0469,Dining Chair,Furniture
INV-0470,Area Rug,Decor
INV-0470,Throw Pillow,Decor
INV-0471,Sofa,Furniture
INV-0471,Coffee Table,Furniture
INV-0472,Knife Set,Kitchen
INV-0472,Floor Lamp,Decor
INV-0472,Scented Candle,Decor
INV-0473,Whiteboard,Office
INV-0473,File Cabinet,Office
INV-0473,Wall Mirror,Decor
INV-0474,Picture Frame,Decor
INV-0474,Vase,Decor
INV-0474,TV Stand,Furniture
INV-0475,Area Rug,Decor
INV-0475,Floor Lamp,Decor
INV-0475,Bed Frame,Furniture
INV-0476,Area Rug,Decor
INV-0476,Throw Pillow,Decor
INV-0477,Sofa,Furniture
INV-0477,Dining Chair,Furniture
INV-0477,Wall Art,Decor
INV-0477,Floor Lamp,Decor
INV-0478,Desk Organizer,Office
INV-0478,Bookends,Office
INV-0478,Whiteboard,Office
INV-0479,Office Desk,Office
INV-0479,Desk Calendar,Office
INV-0479,Curtains,Decor
INV-0480,Monitor Stand,Office
INV-0480,File Cabinet,Office
INV-0480,TV Stand,Furniture
INV-0481,Colander,Kitchen
INV-0481,Spice Rack,Kitchen
INV-0481,Mixing Bowls,Kitchen
INV-0482,Bed Frame,Furniture
INV-0482,Sofa,Furniture
INV-0482,Armchair,Furniture
INV-0483,Nightstand,Furniture
INV-0483,Coffee Table,Furniture
INV-0483,Throw Pillow,Decor
INV-0484,Cookware Set,Kitchen
INV-0484,Utensil Set,Kitchen
INV-0485,Spice Rack,Kitchen
INV-0485,Curtains,Decor
INV-0485,Picture Frame,Decor
INV-0486,Wall Mirror,Decor
INV-0486,Curtains,Decor
INV-0486,Sofa,Furniture
INV-0487,Desk Lamp,Decor
INV-0487,Vase,Decor
INV-0487,Throw Pillow,Decor
INV-0488,Bed Frame,Furniture
INV-0488,Coffee Table,Furniture
INV-0488,Dining Chair,Furniture
INV-0489,Spice Rack,Kitchen
INV-0489,Curtains,Decor
INV-0489,Scented Candle,Decor
INV-0490,Bed Frame,Furniture
INV-0490,Bookshelf,Furniture
INV-0490,Wardrobe,Furniture
INV-0491,Mixing Bowls,Kitchen
INV-0491,Dishware Set,Kitchen
INV-0491,Utensil Set,Kitchen
INV-0492,Office Desk,Office
INV-0492,Office Chair,Office
INV-0493,Desk Lamp,Decor
INV-0493,Wall Mirror,Decor
INV-0494,Stapler Set,Office
INV-0494,Bookends,Office
INV-0494,Floor Lamp,Decor
INV-0495,Wardrobe,Furniture
INV-0495,Dishware Set,Kitchen
INV-0495,Floor Lamp,Decor
INV-0496,Monitor Stand,Office
INV-0496,Desk Organizer,Office
INV-0496,Floor Lamp,Decor
INV-0497,Bookends,Office
INV-0497,Monitor Stand,Office
INV-0497,Coffee Table,Furniture
INV-0498,Desk Calendar,Office
INV-0498,Bookends,Office
INV-0498,Armchair,Furniture
INV-0499,Cookware Set,Kitchen
INV-0499,Utensil Set,Kitchen
INV-0500,Sofa,Furniture
INV-0500,Coffee Table,Furniture
INV-0501,Cookware Set,Kitchen
INV-0501,Utensil Set,Kitchen
INV-0502,Desk Lamp,Decor
INV-0502,Wall Mirror,Decor
INV-0503,Desk Lamp,Decor
INV-0503,Wall Mirror,Decor
INV-0504,Area Rug,Decor
INV-0504,Throw Pillow,Decor
INV-0505,Throw Pillow,Decor
INV-0505,Desk Lamp,Decor
INV-0505,Vase,Decor
INV-0506,Nightstand,Furniture
INV-0506,Armchair,Furniture
INV-0506,Bookshelf,Furniture
INV-0507,Spice Rack,Kitchen
INV-0507,Cookware Set,Kitchen
INV-0508,TV Stand,Furniture
INV-0508,Utensil Set,Kitchen
INV-0508,Wall Art,Decor
INV-0509,Sofa,Furniture
INV-0509,Coffee Table,Furniture
INV-0510,Sofa,Furniture
INV-0510,Coffee Table,Furniture
INV-0511,Sofa,Furniture
INV-0511,Wardrobe,Furniture
INV-0511,Wall Art,Decor
INV-0511,Wall Mirror,Decor
INV-0512,Desk Lamp,Decor
INV-0512,Wall Mirror,Decor
INV-0513,Armchair,Furniture
INV-0513,TV Stand,Furniture
INV-0513,Bed Frame,Furniture
INV-0514,Sofa,Furniture
INV-0514,Coffee Table,Furniture
INV-0515,Cookware Set,Kitchen
INV-0515,Utensil Set,Kitchen
INV-0516,Office Desk,Office
INV-0516,Monitor Stand,Office
INV-0517,Nightstand,Furniture
INV-0517,Dining Chair,Furniture
INV-0517,Throw Pillow,Decor
INV-0517,Vase,Decor
INV-0518,Office Desk,Office
INV-0518,Office Chair,Office
INV-0519,Office Desk,Office
INV-0519,Desk Calendar,Office
INV-0519,Office Chair,Office
INV-0520,Wall Mirror,Decor
INV-0520,Scented Candle,Decor
INV-0520,Desk Lamp,Decor
INV-0521,Dining Chair,Furniture
INV-0521,Nightstand,Furniture
INV-0521,Vase,Decor
INV-0521,Scented Candle,Decor
INV-0522,Office Desk,Office
INV-0522,Office Chair,Office
INV-0523,Area Rug,Decor
INV-0523,Throw Pillow,Decor
INV-0524,Whiteboard,Office
INV-0524,Bookends,Office
INV-0524,Bookshelf,Furniture
INV-0525,File Cabinet,Office
INV-0525,Wardrobe,Furniture
INV-0526,Area Rug,Decor
INV-0526,Throw Pillow,Decor
INV-0527,Wardrobe,Furniture
INV-0527,Coffee Table,Furniture
INV-0527,Throw Pillow,Decor
INV-0527,Wall Mirror,Decor
INV-0528,Office Desk,Office
INV-0528,Monitor Stand,Office
INV-0529,Desk Organizer,Office
INV-0529,Bookshelf,Furniture
INV-0530,Area Rug,Decor
INV-0530,Throw Pillow,Decor
INV-0531,Whiteboard,Office
INV-0531,Office Chair,Office
INV-0531,Monitor Stand,Office
INV-0532,Bookshelf,Furniture
INV-0532,Baking Sheet,Kitchen
INV-0532,Desk Lamp,Decor
INV-0533,Area Rug,Decor
INV-0533,Throw Pillow,Decor
INV-0534,Bookshelf,Furniture
INV-0534,TV Stand,Furniture
INV-0534,Bed Frame,Furniture
INV-0535,Desk Lamp,Decor
INV-0535,Wall Mirror,Decor
INV-0536,Desk Lamp,Decor
INV-0536,Scented Candle,Decor
INV-0536,Wall Mirror,Decor
INV-0537,Desk Lamp,Decor
INV-0537,Wall Mirror,Decor
INV-0538,Colander,Kitchen
INV-0538,Throw Pillow,Decor
INV-0538,Area Rug,Decor
INV-0539,Bookshelf,Furniture
INV-0539,Dishware Set,Kitchen
INV-0539,Floor Lamp,Decor
INV-0540,Vase,Decor
INV-0540,Floor Lamp,Decor
INV-0540,Scented Candle,Decor
INV-0541,Monitor Stand,Office
INV-0541,Office Chair,Office
INV-0541,Desk Organizer,Office
INV-0542,Stapler Set,Office
INV-0542,Bookends,Office
INV-0542,Scented Candle,Decor
INV-0543,Wardrobe,Furniture
INV-0543,Dining Table,Furniture
INV-0543,Picture Frame,Decor
INV-0543,Curtains,Decor
INV-0544,Monitor Stand,Office
INV-0544,Bookends,Office
INV-0544,Stapler Set,Office
INV-0545,Sofa,Furniture
INV-0545,Coffee Table,Furniture
INV-0546,Bed Frame,Furniture
INV-0546,Wardrobe,Furniture
INV-0546,Floor Lamp,Decor
INV-0546,Vase,Decor
INV-0547,Area Rug,Decor
INV-0547,Throw Pillow,Decor
INV-0548,Vase,Decor
INV-0548,Floor Lamp,Decor
INV-0548,TV Stand,Furniture
INV-0549,Knife Set,Kitchen
INV-0549,Pressure Cooker,Kitchen
INV-0549,Cutting Board,Kitchen
INV-0550,Armchair,Furniture
INV-0550,Pressure Cooker,Kitchen
INV-0550,Vase,Decor
INV-0551,Curtains,Decor
INV-0551,Scented Candle,Decor
INV-0551,TV Stand,Furniture
INV-0552,Dishware Set,Kitchen
INV-0552,Floor Lamp,Decor
INV-0552,Desk Lamp,Decor
INV-0553,Cookware Set,Kitchen
INV-0553,Pressure Cooker,Kitchen
INV-0554,TV Stand,Furniture
INV-0554,Utensil Set,Kitchen
INV-0554,Scented Candle,Decor
INV-0555,Desk Organizer,Office
INV-0555,Office Chair,Office
INV-0555,Desk Lamp,Decor
INV-0556,Pressure Cooker,Kitchen
INV-0556,Colander,Kitchen
INV-0557,File Cabinet,Office
INV-0557,Office Chair,Office
INV-0557,Pen Set,Office
INV-0558,Sofa,Furniture
INV-0558,Coffee Table,Furniture
INV-0559,Sofa,Furniture
INV-0559,Baking Sheet,Kitchen
INV-0559,Area Rug,Decor
INV-0560,Stapler Set,Office
INV-0560,Wardrobe,Furniture
INV-0561,Baking Sheet,Kitchen
INV-0561,Utensil Set,Kitchen
INV-0561,Mixing Bowls,Kitchen
INV-0562,Cookware Set,Kitchen
INV-0562,Mixing Bowls,Kitchen
INV-0562,Utensil Set,Kitchen
INV-0563,Desk Lamp,Decor
INV-0563,Wall Mirror,Decor
INV-0564,Desk Lamp,Decor
INV-0564,Picture Frame,Decor
INV-0564,Area Rug,Decor
INV-0565,Vase,Decor
INV-0565,Desk Lamp,Decor
INV-0565,Nightstand,Furniture
INV-0566,Sofa,Furniture
INV-0566,Coffee Table,Furniture
INV-0567,Area Rug,Decor
INV-0567,Throw Pillow,Decor
INV-0568,Coffee Table,Furniture
INV-0568,Sofa,Furniture
INV-0568,Wall Art,Decor
INV-0569,Dishware Set,Kitchen
INV-0569,Colander,Kitchen
INV-0569,Picture Frame,Decor
INV-0570,Office Desk,Office
INV-0570,Office Chair,Office
INV-0571,Utensil Set,Kitchen
INV-0571,Wall Art,Decor
INV-0571,Floor Lamp,Decor
INV-0572,Wall Mirror,Decor
INV-0572,Area Rug,Decor
INV-0572,Dining Chair,Furniture
INV-0573,Spice Rack,Kitchen
INV-0573,Vase,Decor
INV-0573,Wall Mirror,Decor
INV-0574,Desk Calendar,Office
INV-0574,Stapler Set,Office
INV-0574,Area Rug,Decor
INV-0575,Desk Lamp,Decor
INV-0575,Wall Mirror,Decor
INV-0576,Office Desk,Office
INV-0576,Office Chair,Office
INV-0577,Cookware Set,Kitchen
INV-0577,Utensil Set,Kitchen
INV-0578,Dishware Set,Kitchen
INV-0578,Knife Set,Kitchen
INV-0578,Baking Sheet,Kitchen
INV-0579,Armchair,Furniture
INV-0579,Wardrobe,Furniture
INV-0579,Floor Lamp,Decor
INV-0580,Cookware Set,Kitchen
INV-0580,Utensil Set,Kitchen
INV-0581,Dishware Set,Kitchen
INV-0581,Wall Mirror,Decor
INV-0581,Scented Candle,Decor
INV-0582,Coffee Table,Furniture
INV-0582,Colander,Kitchen
INV-0582,Scented Candle,Decor
INV-0583,Office Desk,Office
INV-0583,Office Chair,Office
INV-0584,Office Desk,Office
INV-0584,Office Chair,Office
INV-0585,Office Desk,Office
INV-0585,Monitor Stand,Office
INV-0586,Bed Frame,Furniture
INV-0586,Nightstand,Furniture
INV-0586,Area Rug,Decor
INV-0587,Desk Lamp,Decor
INV-0587,Wall Mirror,Decor
INV-0588,Whiteboard,Office
INV-0588,Bookshelf,Furniture
INV-0589,Wardrobe,Furniture
INV-0589,Coffee Table,Furniture
INV-0589,Throw Pillow,Decor
INV-0590,Utensil Set,Kitchen
INV-0590,Mixing Bowls,Kitchen
INV-0590,Dishware Set,Kitchen
INV-0591,Wardrobe,Furniture
INV-0591,TV Stand,Furniture
INV-0591,Throw Pillow,Decor
INV-0591,Desk Lamp,Decor
INV-0592,Sofa,Furniture
INV-0592,Coffee Table,Furniture
INV-0593,Dining Table,Furniture
INV-0593,Dining Chair,Furniture
INV-0594,Desk Lamp,Decor
INV-0594,Wall Mirror,Decor
INV-0595,Monitor Stand,Office
INV-0595,Office Chair,Office
INV-0595,Nightstand,Furniture
INV-0596,Bookshelf,Furniture
INV-0596,Dining Chair,Furniture
INV-0596,Area Rug,Decor
INV-0596,Floor Lamp,Decor
INV-0597,Wardrobe,Furniture
INV-0597,Bookshelf,Furniture
INV-0597,Scented Candle,Decor
INV-0597,Curtains,Decor
INV-0598,Office Desk,Office
INV-0598,Monitor Stand,Office
INV-0599,Dining Table,Furniture
INV-0599,Dining Chair,Furniture
INV-0600,Cookware Set,Kitchen
INV-0600,Cutting Board,Kitchen
INV-0601,Throw Pillow,Decor
INV-0601,Area Rug,Decor
INV-0601,Wardrobe,Furniture
INV-0602,Utensil Set,Kitchen
INV-0602,Mixing Bowls,Kitchen
INV-0603,Baking Sheet,Kitchen
INV-0603,Vase,Decor
INV-0603,Curtains,Decor
INV-0604,Desk Lamp,Decor
INV-0604,Vase,Decor
INV-0604,Scented Candle,Decor
INV-0605,TV Stand,Furniture
INV-0605,Knife Set,Kitchen
INV-0605,Wall Mirror,Decor
INV-0606,Utensil Set,Kitchen
INV-0606,Curtains,Decor
INV-0606,Desk Lamp,Decor
INV-0607,Office Desk,Office
INV-0607,Monitor Stand,Office
INV-0608,Throw Pillow,Decor
INV-0608,Wall Mirror,Decor
INV-0608,Coffee Table,Furniture
INV-0609,Wall Art,Decor
INV-0609,Picture Frame,Decor
INV-0609,Vase,Decor
INV-0610,Area Rug,Decor
INV-0610,Throw Pillow,Decor
INV-0611,Dishware Set,Kitchen
INV-0611,Vase,Decor
INV-0611,Throw Pillow,Decor
INV-0612,Sofa,Furniture
INV-0612,Coffee Table,Furniture
INV-0613,Wardrobe,Furniture
INV-0613,Bed Frame,Furniture
INV-0613,Wall Art,Decor
INV-0613,Area Rug,Decor
INV-0614,Bed Frame,Furniture
INV-0614,Wardrobe,Furniture
INV-0614,Dining Table,Furniture
INV-0615,Dining Table,Furniture
INV-0615,Nightstand,Furniture
INV-0615,Area Rug,Decor
INV-0616,Office Chair,Office
INV-0616,Pen Set,Office
INV-0616,Whiteboard,Office
INV-0617,Bed Frame,Furniture
INV-0617,Spice Rack,Kitchen
INV-0617,Area Rug,Decor
INV-0618,Area Rug,Decor
INV-0618,Throw Pillow,Decor
INV-0619,Desk Calendar,Office
INV-0619,Whiteboard,Office
INV-0619,Stapler Set,Office
INV-0620,Sofa,Furniture
INV-0620,Coffee Table,Furniture
INV-0621,Armchair,Furniture
INV-0621,Dining Table,Furniture
INV-0621,Wardrobe,Furniture
INV-0622,Whiteboard,Office
INV-0622,Bookshelf,Furniture
INV-0623,Utensil Set,Kitchen
INV-0623,Cookware Set,Kitchen
INV-0623,Dishware Set,Kitchen
INV-0624,Dining Table,Furniture
INV-0624,Dining Chair,Furniture
INV-0625,Office Desk,Office
INV-0625,Office Chair,Office
INV-0626,Stapler Set,Office
INV-0626,Coffee Table,Furniture
INV-0627,Knife Set,Kitchen
INV-0627,Pressure Cooker,Kitchen
INV-0628,Spice Rack,Kitchen
INV-0628,Knife Set,Kitchen
INV-0628,Vase,Decor
INV-0629,Utensil Set,Kitchen
INV-0629,Dishware Set,Kitchen
INV-0629,Wall Mirror,Decor
INV-0630,Sofa,Furniture
INV-0630,Coffee Table,Furniture
INV-0631,Desk Calendar,Office
INV-0631,Office Chair,Office
INV-0631,Wardrobe,Furniture
INV-0632,Coffee Table,Furniture
INV-0632,Colander,Kitchen
INV-0632,Scented Candle,Decor
INV-0633,Wall Art,Decor
INV-0633,Desk Lamp,Decor
INV-0633,Dining Table,Furniture
INV-0634,TV Stand,Furniture
INV-0634,Cutting Board,Kitchen
INV-0634,Wall Mirror,Decor
INV-0635,Dishware Set,Kitchen
INV-0635,Cutting Board,Kitchen
INV-0635,Vase,Decor
INV-0636,Wardrobe,Furniture
INV-0636,TV Stand,Furniture
INV-0636,Picture Frame,Decor
INV-0637,Nightstand,Furniture
INV-0637,Colander,Kitchen
INV-0637,Desk Lamp,Decor
INV-0638,Area Rug,Decor
INV-0638,Throw Pillow,Decor
INV-0639,Coffee Table,Furniture
INV-0639,Bookshelf,Furniture
INV-0639,Bed Frame,Furniture
INV-0640,Dining Table,Furniture
INV-0640,Dining Chair,Furniture
INV-0641,Office Desk,Office
INV-0641,Office Chair,Office
INV-0642,Baking Sheet,Kitchen
INV-0642,Picture Frame,Decor
INV-0642,Wall Mirror,Decor
INV-0643,Whiteboard,Office
INV-0643,Office Chair,Office
INV-0643,Desk Calendar,Office
INV-0644,Sofa,Furniture
INV-0644,Coffee Table,Furniture
INV-0645,Office Desk,Office
INV-0645,Office Chair,Office
INV-0646,Dining Table,Furniture
INV-0646,Colander,Kitchen
INV-0646,Picture Frame,Decor
INV-0647,Monitor Stand,Office
INV-0647,File Cabinet,Office
INV-0647,TV Stand,Furniture
INV-0648,Coffee Table,Furniture
INV-0648,TV Stand,Furniture
INV-0648,Desk Lamp,Decor
INV-0648,Wall Art,Decor
INV-0649,Monitor Stand,Office
INV-0649,Whiteboard,Office
INV-0649,Dining Chair,Furniture
INV-0650,TV Stand,Furniture
INV-0650,Knife Set,Kitchen
INV-0650,Wall Mirror,Decor
INV-0651,Cutting Board,Kitchen
INV-0651,Colander,Kitchen
INV-0652,Dishware Set,Kitchen
INV-0652,Knife Set,Kitchen
INV-0653,Area Rug,Decor
INV-0653,Throw Pillow,Decor
INV-0654,Office Desk,Office
INV-0654,Monitor Stand,Office
INV-0655,TV Stand,Furniture
INV-0655,Dining Table,Furniture
INV-0655,Armchair,Furniture
INV-0656,Bookends,Office
INV-0656,Whiteboard,Office
INV-0656,Armchair,Furniture
INV-0657,Sofa,Furniture
INV-0657,Coffee Table,Furniture
INV-0657,Area Rug,Decor
INV-0657,Wall Art,Decor
INV-0658,Desk Lamp,Decor
INV-0658,Wall Mirror,Decor
INV-0659,Spice Rack,Kitchen
INV-0659,Baking Sheet,Kitchen
INV-0659,Picture Frame,Decor
INV-0660,Desk Lamp,Decor
INV-0660,Wall Mirror,Decor
INV-0661,Nightstand,Furniture
INV-0661,TV Stand,Furniture
INV-0661,Wall Art,Decor
INV-0662,Desk Lamp,Decor
INV-0662,Wall Mirror,Decor
INV-0663,Vase,Decor
INV-0663,Floor Lamp,Decor
INV-0663,Bed Frame,Furniture
INV-0664,Vase,Decor
INV-0664,Wall Mirror,Decor
INV-0664,Sofa,Furniture
INV-0665,Desk Calendar,Office
INV-0665,File Cabinet,Office
INV-0665,Nightstand,Furniture
INV-0666,Sofa,Furniture
INV-0666,Coffee Table,Furniture
INV-0667,Mixing Bowls,Kitchen
INV-0667,Dishware Set,Kitchen
INV-0667,Throw Pillow,Decor
INV-0668,Throw Pillow,Decor
INV-0668,Curtains,Decor
INV-0668,Desk Lamp,Decor
INV-0669,TV Stand,Furniture
INV-0669,Colander,Kitchen
INV-0669,Wall Mirror,Decor
INV-0670,Floor Lamp,Decor
INV-0670,Vase,Decor
INV-0670,Wall Mirror,Decor
INV-0671,Pressure Cooker,Kitchen
INV-0671,Cutting Board,Kitchen
INV-0672,Office Chair,Office
INV-0672,Office Desk,Office
INV-0672,Desk Organizer,Office
INV-0673,Bookends,Office
INV-0673,Bed Frame,Furniture
INV-0674,Dishware Set,Kitchen
INV-0674,Mixing Bowls,Kitchen
INV-0674,Colander,Kitchen
INV-0675,Dishware Set,Kitchen
INV-0675,Pressure Cooker,Kitchen
INV-0675,Scented Candle,Decor
INV-0676,Sofa,Furniture
INV-0676,Coffee Table,Furniture
INV-0677,Dining Table,Furniture
INV-0677,Dining Chair,Furniture
INV-0678,Vase,Decor
INV-0678,Area Rug,Decor
INV-0678,Coffee Table,Furniture
INV-0679,Stapler Set,Office
INV-0679,Nightstand,Furniture
INV-0680,Cutting Board,Kitchen
INV-0680,Mixing Bowls,Kitchen
INV-0680,Cookware Set,Kitchen
INV-0681,Bookshelf,Furniture
INV-0681,Nightstand,Furniture
INV-0681,Picture Frame,Decor
INV-0681,Vase,Decor
INV-0682,Scented Candle,Decor
INV-0682,Area Rug,Decor
INV-0682,Coffee Table,Furniture
INV-0683,Dishware Set,Kitchen
INV-0683,Wall Art,Decor
INV-0683,Throw Pillow,Decor
INV-0684,Whiteboard,Office
INV-0684,Sofa,Furniture
INV-0685,Office Desk,Office
INV-0685,Armchair,Furniture
INV-0686,Office Desk,Office
INV-0686,Monitor Stand,Office
INV-0687,Mixing Bowls,Kitchen
INV-0687,Colander,Kitchen
INV-0687,Wall Art,Decor
INV-0688,Bed Frame,Furniture
INV-0688,TV Stand,Furniture
INV-0688,Nightstand,Furniture
INV-0689,Office Desk,Office
INV-0689,Monitor Stand,Office
INV-0690,Spice Rack,Kitchen
INV-0690,Utensil Set,Kitchen
INV-0691,Office Chair,Office
INV-0691,File Cabinet,Office
INV-0691,Whiteboard,Office
INV-0692,Scented Candle,Decor
INV-0692,Throw Pillow,Decor
INV-0692,Desk Lamp,Decor
INV-0693,Spice Rack,Kitchen
INV-0693,Colander,Kitchen
INV-0693,Curtains,Decor
INV-0694,Office Desk,Office
INV-0694,Office Chair,Office
INV-0695,Sofa,Furniture
INV-0695,Armchair,Furniture
INV-0695,Desk Lamp,Decor
INV-0695,Throw Pillow,Decor
INV-0696,Dining Table,Furniture
INV-0696,Dining Chair,Furniture
INV-0697,Office Desk,Office
INV-0697,Office Chair,Office
INV-0698,Sofa,Furniture
INV-0698,Coffee Table,Furniture
INV-0699,Bookends,Office
INV-0699,Stapler Set,Office
INV-0699,Monitor Stand,Office
INV-0700,Picture Frame,Decor
INV-0700,Throw Pillow,Decor
INV-0700,Desk Lamp,Decor
